ibge7,mun,mun,nome_meso,algodao_arb,algodao_herb,banana,batata,cafe_arab,cana,feijao,laranja,limao,manga,milho,soja,sorgo,tangerina,tomate,trigo,leite,ovos,mel
3100104,Abadia dos Dourados,Abadia dos Dourados,Triângulo Mineiro/Alto Paranaíba,0,0,47,0,30,460,18,0,0,0,8028,11685,1212,0,100,0,43745,128,0
3100203,Abaeté,Abaeté,Central Mineira,0,0,28,0,0,9000,0,0,0,15,4680,1404,0,0,0,0,50383,218,1550
3100302,Abre Campo,Abre Campo,Zona da Mata,0,0,50,0,3140,9000,170,0,0,0,780,0,0,0,0,0,7100,103,1074
3100401,Acaiaca,Acaiaca,Zona da Mata,0,0,56,0,3,1340,33,7,0,0,202,0,0,0,0,0,1385,23,2500
3100500,Açucena,Açucena,Vale do Rio Doce,0,0,170,0,10,3000,74,0,0,0,942,0,0,0,0,0,9061,57,266
3100609,Água Boa,Água Boa,Vale do Rio Doce,0,0,427,0,1740,6174,431,69,5,0,2912,0,0,8,1324,0,16820,147,2000
3100708,Água Comprida,Água Comprida,Triângulo Mineiro/Alto Paranaíba,0,0,0,0,0,1190000,0,0,0,0,24600,27540,25800,0,0,0,2642,12,0
3100807,Aguanil,Aguanil,Oeste de Minas,0,0,132,0,1801,10920,141,240,0,15,13500,0,0,50,100,0,7008,87,0
3100906,Águas Formosas,Águas Formosas,Vale do Mucuri,0,0,27,0,0,1080,12,0,0,0,21,0,0,0,0,0,8972,26,0
3101003,Águas Vermelhas,Águas Vermelhas,Norte de Minas,0,0,1131,0,1200,75,140,6,0,0,206,0,0,5,0,0,379,49,600
3101102,Aimorés,Aimorés,Vale do Rio Doce,0,0,500,0,963,2080,305,325,150,336,4050,0,0,84,3510,0,22265,92,2850
3101201,Aiuruoca,Aiuruoca,Sul/Sudoeste de Minas,0,0,0,0,15,2400,268,0,0,0,5848,416,0,0,0,0,27169,39,6400
3101300,Alagoa,Alagoa,Sul/Sudoeste de Minas,0,0,0,0,0,0,4,0,0,0,20,0,0,0,0,0,10386,14,1940
3101409,Albertina,Albertina,Sul/Sudoeste de Minas,0,0,0,0,2556,0,0,0,0,0,91,0,0,0,0,0,280,4,0
3101508,Além Paraíba,Além Paraíba,Zona da Mata,0,0,100,0,0,30,36,0,0,0,288,0,0,0,0,0,7663,80,4005
3101607,Alfenas,Alfenas,Sul/Sudoeste de Minas,0,0,2680,7500,14566,114400,5470,600,360,0,55800,16854,0,300,1750,0,15010,88,210
3101631,Alfredo Vasconcelos,Alfredo Vasconcelos,Campo das Vertentes,0,0,0,28,0,0,48,0,0,26,540,0,0,0,1530,0,3200,6,1275
3101706,Almenara,Almenara,Jequitinhonha,0,0,160,0,440,3600,137,8,0,9,336,0,0,0,0,0,6209,48,580
3101805,Alpercata,Alpercata,Vale do Rio Doce,0,0,15,0,0,936,1,30,0,0,2390,0,0,0,60,0,4515,4,0
3101904,Alpinópolis,Alpinópolis,Sul/Sudoeste de Minas,0,0,0,0,7710,144000,610,0,0,0,13000,8428,1060,0,60,0,44480,44,12380
3102001,Alterosa,Alterosa,Sul/Sudoeste de Minas,0,0,0,0,6867,27525,530,1836,0,0,15180,2400,0,0,0,0,7900,82,12300
3102050,Alto Caparaó,Alto Caparaó,Zona da Mata,0,0,15,0,3880,30,15,0,0,0,133,0,0,0,0,0,472,10,0
3102100,Alto Rio Doce,Alto Rio Doce,Zona da Mata,0,0,0,0,0,15000,330,0,0,0,1680,0,0,0,0,0,12684,202,3824
3102209,Alvarenga,Alvarenga,Vale do Rio Doce,0,0,30,0,520,420,29,26,0,0,42,0,0,0,0,0,4432,55,0
3102308,Alvinópolis,Alvinópolis,Metropolitana de Belo Horizonte,0,0,33,0,3,5680,96,0,0,0,1224,0,0,0,0,0,13011,85,88800
3102407,Alvorada de Minas,Alvorada de Minas,Metropolitana de Belo Horizonte,0,0,48,0,5,420,10,0,0,0,189,0,0,0,0,0,8372,34,450
3102506,Amparo do Serra,Amparo do Serra,Zona da Mata,0,0,60,0,196,3920,84,0,0,0,1076,0,0,0,280,0,1916,40,1820
3102605,Andradas,Andradas,Sul/Sudoeste de Minas,0,0,5535,2530,9950,1020,10,0,0,0,4795,92,0,26,2500,300,9452,86,950
3102704,Cachoeira de Pajeú,Cachoeira de Pajeú,Jequitinhonha,0,0,42,0,5,2400,94,14,0,9,100,0,0,0,0,0,1256,43,0
3102803,Andrelândia,Andrelândia,Sul/Sudoeste de Minas,0,0,0,0,420,4670,1628,2390,0,0,12090,4560,0,0,0,3845,29240,45,52900
3102852,Angelândia,Angelândia,Jequitinhonha,0,0,104,0,2812,800,123,30,0,0,628,0,0,0,50,0,1234,50,2522
3102902,Antônio Carlos,Antônio Carlos,Campo das Vertentes,0,0,0,200,0,200,136,13,0,0,2250,0,0,0,1296,0,13817,29,12400
3103009,Antônio Dias,Antônio Dias,Vale do Rio Doce,0,0,62,0,1,630,9,0,0,0,54,0,0,0,40,0,3603,32,38300
3103108,Antônio Prado de Minas,Antônio Prado de Minas,Zona da Mata,0,0,11,0,70,385,5,0,0,0,105,0,0,0,0,0,3112,33,0
3103207,Araçaí,Araçaí,Metropolitana de Belo Horizonte,0,0,100,0,0,0,2,0,145,0,84,0,0,0,0,0,2044,16,0
3103306,Aracitaba,Aracitaba,Zona da Mata,0,0,200,0,0,2160,55,0,0,0,360,0,0,0,0,0,3288,35,0
3103405,Araçuaí,Araçuaí,Jequitinhonha,0,0,9950,0,3,7560,135,120,0,480,415,0,0,0,80,0,6385,189,1640
3103504,Araguari,Araguari,Triângulo Mineiro/Alto Paranaíba,0,0,2475,3325,27550,2160,90,0,45,0,126450,122850,12600,0,72000,4980,23800,87,21280
3103603,Arantina,Arantina,Sul/Sudoeste de Minas,0,0,0,0,0,1750,2,0,0,0,15,0,0,0,0,0,1870,13,4000
3103702,Araponga,Araponga,Zona da Mata,0,0,200,0,7500,2688,372,0,0,0,2160,0,0,0,0,0,1060,36,1775
3103751,Araporã,Araporã,Triângulo Mineiro/Alto Paranaíba,0,0,608,0,0,758000,47,0,0,0,2738,4744,1763,0,0,0,1240,22,0
3103801,Arapuá,Arapuá,Triângulo Mineiro/Alto Paranaíba,0,0,0,0,997,0,0,0,0,0,4,0,0,0,300,0,15639,61,400
3103900,Araújos,Araújos,Central Mineira,0,0,6,0,0,4000,12,0,0,8,70,0,0,0,0,0,22451,112,0
3104007,Araxá,Araxá,Triângulo Mineiro/Alto Paranaíba,0,0,0,2500,4480,208000,2940,0,0,0,39480,35425,5548,0,0,2112,41840,70,600
3104106,Arceburgo,Arceburgo,Sul/Sudoeste de Minas,0,0,18,0,1120,50400,213,2040,0,0,3300,0,0,0,0,0,3755,370,0
3104205,Arcos,Arcos,Oeste de Minas,0,0,125,0,0,116922,189,0,0,0,22250,1088,1000,0,420,0,28900,189,12180
3104304,Areado,Areado,Sul/Sudoeste de Minas,0,0,600,0,4486,231896,170,0,0,0,12623,4394,0,0,0,0,7500,53,0
3104403,Argirita,Argirita,Zona da Mata,0,0,185,0,0,0,11,0,0,0,105,0,0,0,0,0,4994,10,0
3104452,Aricanduva,Aricanduva,Jequitinhonha,0,0,44,0,376,1680,105,0,0,0,780,0,0,0,0,0,2822,62,1370
3104502,Arinos,Arinos,Noroeste de Minas,0,0,20,0,0,13300,6600,0,0,0,12000,12039,893,0,0,0,9380,109,6000
3104601,Astolfo Dutra,Astolfo Dutra,Zona da Mata,0,0,0,0,24,837,11,3,0,1505,19,0,0,1162,90,0,3598,21,0
3104700,Ataléia,Ataléia,Vale do Mucuri,0,0,140,0,54,900,58,36,0,0,142,0,0,0,0,0,16002,59,5000
3104809,Augusto de Lima,Augusto de Lima,Central Mineira,0,0,70,0,0,17500,123,20,0,330,1000,0,164,21,0,0,4180,49,1820
3104908,Baependi,Baependi,Sul/Sudoeste de Minas,0,0,28,0,1427,0,15,10,0,0,1760,1088,0,0,0,0,23976,42,5270
3105004,Baldim,Baldim,Metropolitana de Belo Horizonte,0,0,312,0,0,2844,74,12,20,905,2385,1248,6,4,1800,0,3543,47,0
3105103,Bambuí,Bambuí,Oeste de Minas,0,0,63,0,4200,784000,2452,207,0,0,49800,21315,945,11,54,137,44134,213,46460
3105202,Bandeira,Bandeira,Jequitinhonha,0,0,90,0,72,576,216,0,0,0,60,0,0,0,0,0,3356,18,500
3105301,Bandeira do Sul,Bandeira do Sul,Sul/Sudoeste de Minas,0,0,38,0,543,0,16,0,0,0,94,109,0,0,0,0,635,11,280
3105400,Barão de Cocais,Barão de Cocais,Metropolitana de Belo Horizonte,0,0,340,0,2,2700,3,0,0,0,50,0,0,0,0,0,1524,28,33700
3105509,Barão de Monte Alto,Barão de Monte Alto,Zona da Mata,0,0,0,0,0,282,5,0,0,0,32,0,0,0,0,0,8297,14,1775
3105608,Barbacena,Barbacena,Campo das Vertentes,0,0,360,1160,0,180,1021,510,15,86,7776,0,0,270,9620,0,22212,388,17345
3105707,Barra Longa,Barra Longa,Zona da Mata,0,0,27,0,0,17580,67,0,0,0,470,0,0,0,0,0,8516,52,11000
3105905,Barroso,Barroso,Campo das Vertentes,0,0,116,0,0,1240,24,0,0,0,241,0,0,0,0,0,4171,15,0
3106002,Bela Vista de Minas,Bela Vista de Minas,Metropolitana de Belo Horizonte,0,0,0,0,0,282,2,0,0,0,0,0,0,0,0,0,881,7,42400
3106101,Belmiro Braga,Belmiro Braga,Zona da Mata,0,0,110,0,0,779,8,10,0,7,83,0,0,0,0,0,4914,37,1000
3106200,Belo Horizonte,Belo Horizonte,Metropolitana de Belo Horizonte,0,0,0,0,0,0,0,0,0,0,0,0,0,0,0,0,735,3,0
3106309,Belo Oriente,Belo Oriente,Vale do Rio Doce,0,0,91,0,0,2700,36,2,100,0,210,0,0,16,0,0,2773,26,87200
3106408,Belo Vale,Belo Vale,Metropolitana de Belo Horizonte,0,0,30,0,0,1000,27,96,0,0,229,0,0,28059,0,0,6264,65,7600
3106507,Berilo,Berilo,Jequitinhonha,0,0,132,0,2,3535,43,37,0,0,273,0,0,3,0,0,1340,58,7100
3106606,Bertópolis,Bertópolis,Vale do Mucuri,0,0,5,0,0,175,52,0,0,0,73,0,0,5,0,0,4850,12,0
3106655,Berizal,Berizal,Norte de Minas,0,0,34,0,182,400,78,10,0,0,58,0,0,0,0,0,447,24,0
3106705,Betim,Betim,Metropolitana de Belo Horizonte,0,0,36,0,0,1472,30,0,28,0,115,0,0,0,150,0,1545,34,2490
3106804,Bias Fortes,Bias Fortes,Zona da Mata,0,0,0,0,0,120,20,0,0,0,170,0,0,0,0,0,6950,28,2000
3106903,Bicas,Bicas,Zona da Mata,0,0,0,0,0,1080,4,0,0,0,2,0,0,0,0,0,3055,8,110
3107000,Biquinhas,Biquinhas,Central Mineira,0,0,14,0,0,600,0,10,0,8,750,0,0,9,0,0,11633,33,366
3107109,Boa Esperança,Boa Esperança,Sul/Sudoeste de Minas,0,0,70,0,26570,360,1176,0,0,0,35850,13300,0,56,0,3510,20834,211,10560
3107208,Bocaina de Minas,Bocaina de Minas,Sul/Sudoeste de Minas,0,0,0,0,0,576,18,0,0,0,152,0,0,0,0,0,7610,34,9280
3107307,Bocaiúva,Bocaiúva,Norte de Minas,0,0,1106,0,243,26700,430,35,10,20,2584,0,0,27,150,0,10380,403,211529
3107406,Bom Despacho,Bom Despacho,Central Mineira,0,0,48,0,0,117600,1020,1800,15,0,8850,5208,0,0,0,0,73445,5624,9150
3107505,Bom Jardim de Minas,Bom Jardim de Minas,Sul/Sudoeste de Minas,0,0,0,0,0,270,15,0,0,0,120,0,0,0,360,0,4523,8,2425
3107604,Bom Jesus da Penha,Bom Jesus da Penha,Sul/Sudoeste de Minas,0,0,0,510,4700,0,48,0,0,0,15050,12540,1525,0,41,540,9596,60,980
3107703,Bom Jesus do Amparo,Bom Jesus do Amparo,Metropolitana de Belo Horizonte,0,0,1800,0,3,3111,1,0,10,0,102,0,0,232,0,0,2990,46,2500
3107802,Bom Jesus do Galho,Bom Jesus do Galho,Vale do Rio Doce,0,0,390,0,1400,9000,119,13,5,0,1600,0,0,16,0,0,8125,127,4650
3107901,Bom Repouso,Bom Repouso,Sul/Sudoeste de Minas,0,0,0,17940,17,0,7,0,0,0,1400,0,0,0,100,0,4903,35,1000
3108008,Bom Sucesso,Bom Sucesso,Oeste de Minas,0,0,0,0,3655,1000,6,27,0,0,825,0,0,0,0,0,28500,113,0
3108107,Bonfim,Bonfim,Metropolitana de Belo Horizonte,0,0,9,18,0,2900,9,168,20,0,310,0,0,5410,0,0,8882,53,250
3108206,Bonfinópolis de Minas,Bonfinópolis de Minas,Noroeste de Minas,0,0,3,0,1500,120,16190,0,0,0,75900,71280,0,0,0,0,7461,96,6500
3108255,Bonito de Minas,Bonito de Minas,Norte de Minas,0,0,4,0,0,4000,153,0,0,0,50,0,0,0,0,0,150,55,1350
3108305,Borda da Mata,Borda da Mata,Sul/Sudoeste de Minas,0,0,620,0,1016,477,22,10,0,0,1962,288,0,5,0,0,13222,67,2500
3108404,Botelhos,Botelhos,Sul/Sudoeste de Minas,0,0,800,0,11850,3212,43,0,3520,0,5856,0,0,0,0,0,8786,74,5250
3108503,Botumirim,Botumirim,Norte de Minas,0,0,81,0,12,1650,115,13,0,6,347,0,0,0,30,0,777,74,840
3108552,Brasilândia de Minas,Brasilândia de Minas,Noroeste de Minas,0,0,0,0,0,30380,6030,0,0,0,34650,11448,0,0,0,0,5345,57,0
3108602,Brasília de Minas,Brasília de Minas,Norte de Minas,0,0,0,0,0,7000,60,4,0,0,450,0,136,0,0,0,3378,221,4200
3108701,Brás Pires,Brás Pires,Zona da Mata,0,0,0,90,0,1250,203,0,0,0,608,0,0,0,0,0,2980,13,0
3108800,Braúnas,Braúnas,Vale do Rio Doce,0,0,125,0,5,1230,45,0,0,0,180,0,0,0,30,0,9881,46,6607
3108909,Brazópolis,Brazópolis,Sul/Sudoeste de Minas,0,0,8600,0,320,70,9,129,0,0,192,0,0,112,30,0,11205,23,300
3109006,Brumadinho,Brumadinho,Metropolitana de Belo Horizonte,0,0,60,0,0,6500,21,1860,56,0,230,0,0,8750,241,0,7205,123,2160
3109105,Bueno Brandão,Bueno Brandão,Sul/Sudoeste de Minas,0,0,350,23760,2400,2640,96,0,0,0,3339,0,0,407,0,6,13802,81,5960
3109204,Buenópolis,Buenópolis,Central Mineira,0,0,5,0,0,22200,42,12,0,117,510,0,1312,0,355,0,3974,72,432
3109253,Bugre,Bugre,Vale do Rio Doce,0,0,582,0,0,142,0,0,20,0,22,0,0,0,1311,0,3644,8,0
3109303,Buritis,Buritis,Noroeste de Minas,0,420,90,0,815,3300,22696,3671,0,0,167400,329650,14117,0,30,1641,16700,330,1565
3109402,Buritizeiro,Buritizeiro,Norte de Minas,0,1929,232,0,3300,340,2751,770,32,150,64315,68697,0,0,0,0,794,66,21370
3109451,Cabeceira Grande,Cabeceira Grande,Noroeste de Minas,0,0,0,0,0,60,6420,0,0,0,67100,50050,240,0,0,0,16590,59,0
3109501,Cabo Verde,Cabo Verde,Sul/Sudoeste de Minas,0,0,48,450,14620,30400,342,0,0,0,6294,138,0,0,0,228,10950,251,2490
3109600,Cachoeira da Prata,Cachoeira da Prata,Metropolitana de Belo Horizonte,0,0,0,0,0,120,0,0,0,0,8,0,0,0,0,0,2278,2,1045
3109709,Cachoeira de Minas,Cachoeira de Minas,Sul/Sudoeste de Minas,0,0,102,750,1675,2940,77,0,0,0,4536,0,0,7,186,0,10695,68,3500
3109808,Cachoeira Dourada,Cachoeira Dourada,Triângulo Mineiro/Alto Paranaíba,0,0,1044,0,0,0,0,0,0,0,25226,29520,8680,0,0,0,2616,4,0
3109907,Caetanópolis,Caetanópolis,Metropolitana de Belo Horizonte,0,0,24,0,0,1720,5,0,0,0,108,0,0,0,0,0,2557,102,3550
3110004,Caeté,Caeté,Metropolitana de Belo Horizonte,0,0,1631,0,29,1500,34,48,8,0,200,0,0,30,0,0,2752,158,9600
3110103,Caiana,Caiana,Zona da Mata,0,0,185,0,4782,210,48,0,0,0,251,0,0,0,0,0,3313,22,0
3110202,Cajuri,Cajuri,Zona da Mata,0,0,270,0,900,2000,420,60,0,0,3300,0,0,30,2400,0,3765,42,0
3110301,Caldas,Caldas,Sul/Sudoeste de Minas,0,0,130,12600,1618,0,900,0,0,0,9221,1118,0,0,41,330,28132,62,1750
3110400,Camacho,Camacho,Oeste de Minas,0,0,24,0,1985,40,40,0,0,0,672,0,0,0,0,0,4687,64,10355
3110509,Camanducaia,Camanducaia,Sul/Sudoeste de Minas,0,0,34,17932,0,60,9,0,0,0,880,0,0,0,100,0,2750,33,1898
3110608,Cambuí,Cambuí,Sul/Sudoeste de Minas,0,0,74,311,8,813,20,0,0,0,1296,0,0,0,150,0,7132,71,1490
3110707,Cambuquira,Cambuquira,Sul/Sudoeste de Minas,0,0,28,0,4410,320,41,1430,0,0,15647,3722,0,6580,76,2066,3300,995,3000
3110806,Campanário,Campanário,Vale do Rio Doce,0,0,6,0,0,2900,7,0,0,0,96,0,0,0,0,0,3569,22,180
3110905,Campanha,Campanha,Sul/Sudoeste de Minas,0,0,12,100,7780,750,47,10940,10,0,11633,6751,0,36400,0,954,4100,410,3000
3111002,Campestre,Campestre,Sul/Sudoeste de Minas,0,0,1240,1820,21060,850,312,831,0,0,11604,620,0,0,665,0,10440,335,35800
3111101,Campina Verde,Campina Verde,Triângulo Mineiro/Alto Paranaíba,0,0,34,0,0,684000,0,23080,270,0,10996,18523,2128,150,0,0,52560,253,2400
3111150,Campo Azul,Campo Azul,Norte de Minas,0,0,0,0,0,396,25,0,0,0,141,0,0,0,0,0,370,60,780
3111200,Campo Belo,Campo Belo,Oeste de Minas,0,0,100,0,4620,12000,491,60,0,0,15000,0,0,60,1320,0,11837,2000,2440
3111309,Campo do Meio,Campo do Meio,Sul/Sudoeste de Minas,0,0,178,0,9590,0,1110,0,0,0,12270,3800,0,0,0,493,3000,21,670
3111408,Campo Florido,Campo Florido,Triângulo Mineiro/Alto Paranaíba,0,0,0,0,0,2682000,2450,3600,0,0,50800,48000,11375,0,0,0,13800,36,0
3111507,Campos Altos,Campos Altos,Triângulo Mineiro/Alto Paranaíba,0,0,0,25800,14540,225,540,0,0,0,58350,12210,0,0,0,3890,18380,25,1700
3111606,Campos Gerais,Campos Gerais,Sul/Sudoeste de Minas,0,0,49,2400,28085,1200,3136,6,0,0,29880,5676,0,300,1700,54,12500,180,19500
3111705,Canaã,Canaã,Zona da Mata,0,0,120,0,3150,3200,372,0,0,0,3320,0,0,7,180,0,3594,61,1850
3111804,Canápolis,Canápolis,Triângulo Mineiro/Alto Paranaíba,0,0,1622,0,0,560000,330,1152,0,0,16050,68000,10815,0,0,0,7724,123,0
3111903,Cana Verde,Cana Verde,Oeste de Minas,0,0,50,0,630,200,38,0,0,0,1624,0,0,232,0,0,3163,9,1000
3112000,Candeias,Candeias,Oeste de Minas,0,0,140,0,8004,2250,2712,150,0,0,28080,0,0,0,0,0,10682,101,0
3112059,Cantagalo,Cantagalo,Vale do Rio Doce,0,0,285,0,0,2520,30,0,0,0,190,0,0,0,0,0,6105,14,2000
3112109,Caparaó,Caparaó,Zona da Mata,0,0,0,0,6680,50,16,0,0,0,264,0,0,0,0,0,1040,18,0
3112208,Capela Nova,Capela Nova,Campo das Vertentes,0,0,0,0,349,2880,450,0,0,0,2400,0,0,0,0,0,3584,23,0
3112307,Capelinha,Capelinha,Jequitinhonha,0,0,1863,0,5100,9500,282,306,9,30,2640,0,0,27,2231,0,6462,157,15140
3112406,Capetinga,Capetinga,Sul/Sudoeste de Minas,0,0,16,0,7610,8400,457,0,0,0,9884,1408,0,0,0,0,6514,39,600
3112505,Capim Branco,Capim Branco,Metropolitana de Belo Horizonte,0,0,0,0,0,0,15,0,0,0,240,0,0,0,400,0,743,10,0
3112604,Capinópolis,Capinópolis,Triângulo Mineiro/Alto Paranaíba,0,0,70,0,0,132000,66,0,0,0,86150,116634,40740,0,0,0,6596,86,16800
3112653,Capitão Andrade,Capitão Andrade,Vale do Rio Doce,0,0,0,0,0,1260,2,0,0,0,30,0,0,0,0,0,4835,18,0
3112703,Capitão Enéas,Capitão Enéas,Norte de Minas,0,0,11640,0,6,6000,187,45,100,70,410,0,40,0,0,0,3042,579,2100
3112802,Capitólio,Capitólio,Sul/Sudoeste de Minas,0,0,48,0,2961,1050,288,51,0,0,4389,533,0,400,0,0,7894,105,900
3112901,Caputira,Caputira,Zona da Mata,0,0,22,0,3000,1450,54,0,0,0,288,0,0,0,0,0,2202,26,0
3113008,Caraí,Caraí,Jequitinhonha,0,0,230,0,358,2700,133,43,0,0,110,0,0,7,45,0,8159,103,4800
3113107,Caranaíba,Caranaíba,Campo das Vertentes,0,0,22,0,9,1540,49,12,0,0,570,0,0,0,0,0,5080,38,0
3113206,Carandaí,Carandaí,Campo das Vertentes,0,0,32,475,0,1210,4826,0,0,0,36030,1245,0,22,7650,2257,11081,27,20650
3113305,Carangola,Carangola,Zona da Mata,0,0,3580,0,5060,860,33,0,0,0,395,0,0,0,0,0,7047,39,3530
3113404,Caratinga,Caratinga,Vale do Rio Doce,0,0,5051,0,13460,15000,189,120,109,117,5643,0,0,69,1800,0,22405,164,10110
3113503,Carbonita,Carbonita,Jequitinhonha,0,0,26,0,0,4180,45,9,0,0,300,0,0,0,555,0,1072,90,26400
3113602,Careaçu,Careaçu,Sul/Sudoeste de Minas,0,0,24,1240,1972,495,216,0,0,0,2390,60,0,0,0,0,7230,19,0
3113701,Carlos Chagas,Carlos Chagas,Vale do Mucuri,0,0,20,0,0,5340,9,14,0,9,36,0,0,0,0,0,43212,44,0
3113800,Carmésia,Carmésia,Vale do Rio Doce,0,0,0,0,0,750,12,0,0,0,80,0,0,0,0,0,1875,13,2960
3113909,Carmo da Cachoeira,Carmo da Cachoeira,Sul/Sudoeste de Minas,0,0,0,1050,17400,0,210,110,0,0,11868,4400,0,150,0,0,5400,30,1500
3114006,Carmo da Mata,Carmo da Mata,Oeste de Minas,0,0,6,0,1000,4370,43,0,0,0,2781,436,0,610,0,0,8800,40,10050
3114105,Carmo de Minas,Carmo de Minas,Sul/Sudoeste de Minas,0,0,1440,0,5476,525,105,0,0,0,16500,2300,0,0,0,800,21626,22,1240
3114204,Carmo do Cajuru,Carmo do Cajuru,Oeste de Minas,0,0,16,0,0,1800,27,4,0,0,675,0,0,7,2430,0,25635,6865,2750
3114303,Carmo do Paranaíba,Carmo do Paranaíba,Triângulo Mineiro/Alto Paranaíba,0,0,33,0,16470,532,1695,0,0,0,17100,6019,720,0,420,0,93596,680,0
3114402,Carmo do Rio Claro,Carmo do Rio Claro,Sul/Sudoeste de Minas,0,0,16,0,16745,72320,4455,2448,0,0,45660,17520,3960,0,0,0,26820,382,2700
3114501,Carmópolis de Minas,Carmópolis de Minas,Oeste de Minas,0,0,64,0,225,3920,215,255,15,0,1860,0,0,40,22800,0,10872,107,6000
3114550,Carneirinho,Carneirinho,Triângulo Mineiro/Alto Paranaíba,0,0,90,0,0,965120,0,0,0,0,2940,0,0,0,0,0,25500,70,0
3114600,Carrancas,Carrancas,Campo das Vertentes,0,0,0,4200,47,912,1116,0,0,0,14820,6624,0,0,0,2640,15294,44,2000
3114709,Carvalhópolis,Carvalhópolis,Sul/Sudoeste de Minas,0,0,0,0,2485,180,131,0,0,0,1225,22,0,0,53,0,2962,36,9950
3114808,Carvalhos,Carvalhos,Sul/Sudoeste de Minas,0,0,0,0,0,130,12,0,0,0,192,0,0,0,0,0,19200,22,405
3114907,Casa Grande,Casa Grande,Metropolitana de Belo Horizonte,0,0,0,0,34,0,2257,0,0,0,11775,317,0,0,652,1458,13550,22,100
3115003,Cascalho Rico,Cascalho Rico,Triângulo Mineiro/Alto Paranaíba,0,0,0,0,760,380,0,0,0,0,1488,1225,720,0,2310,0,4136,12,140
3115102,Cássia,Cássia,Sul/Sudoeste de Minas,0,0,1020,0,7200,50816,176,0,0,0,16470,8378,1053,0,0,0,22486,35,1650
3115201,Conceição da Barra de Minas,Conceição da Barra de Minas,Campo das Vertentes,0,0,0,0,376,424,23,0,0,0,79,648,0,0,0,15,19304,42,0
3115300,Cataguases,Cataguases,Zona da Mata,0,0,67,0,4,3515,2,10,0,0,46,0,0,5,0,0,8701,204,0
3115359,Catas Altas,Catas Altas,Metropolitana de Belo Horizonte,0,0,49,0,0,2050,5,6,40,0,44,0,0,0,0,0,845,19,13620
3115409,Catas Altas da Noruega,Catas Altas da Noruega,Metropolitana de Belo Horizonte,0,0,150,0,7,2000,147,150,12,0,960,0,0,60,0,0,807,71,0
3115458,Catuji,Catuji,Vale do Mucuri,0,0,77,0,33,1540,11,6,0,0,76,0,0,0,0,0,2280,22,18000
3115474,Catuti,Catuti,Norte de Minas,0,28,0,0,0,20,51,0,0,0,48,0,255,0,0,0,1811,23,0
3115508,Caxambu,Caxambu,Sul/Sudoeste de Minas,0,0,0,0,54,37,2,0,0,0,445,0,0,0,0,0,1582,16,288
3115607,Cedro do Abaeté,Cedro do Abaeté,Central Mineira,0,0,0,0,0,923,5,0,0,0,650,0,0,0,0,0,2196,4,4000
3115706,Central de Minas,Central de Minas,Vale do Rio Doce,0,0,8,0,3,520,13,0,0,0,30,0,0,0,0,0,4525,5,1200
3115805,Centralina,Centralina,Triângulo Mineiro/Alto Paranaíba,0,0,3250,0,0,864000,1418,0,0,0,23250,39002,32850,0,0,0,6326,85,0
3115904,Chácara,Chácara,Zona da Mata,0,0,37,0,0,0,3,0,0,0,7,0,0,0,0,0,3694,20,120
3116001,Chalé,Chalé,Zona da Mata,0,0,48,0,2860,3300,45,0,0,0,540,0,0,0,0,0,5765,94,0
3116100,Chapada do Norte,Chapada do Norte,Jequitinhonha,0,0,60,0,2,3780,35,5,0,0,446,0,0,0,0,0,610,94,9240
3116159,Chapada Gaúcha,Chapada Gaúcha,Norte de Minas,0,0,20,0,0,600,178,0,0,0,2610,33697,480,0,0,0,3653,38,13500
3116209,Chiador,Chiador,Zona da Mata,0,0,0,0,0,660,1,0,0,0,5,0,0,0,0,0,3040,8,0
3116308,Cipotânea,Cipotânea,Zona da Mata,0,0,502,0,0,60,224,0,0,0,1809,0,0,0,0,0,2735,37,0
3116407,Claraval,Claraval,Sul/Sudoeste de Minas,0,0,77,0,3270,8064,4,0,0,0,1288,0,0,0,0,0,2150,27,800
3116506,Claro dos Poções,Claro dos Poções,Norte de Minas,0,0,2560,0,3,17040,150,0,0,10,1486,0,52,28,30,0,1462,57,1005
3116605,Cláudio,Cláudio,Oeste de Minas,0,0,10,0,248,3452,95,0,0,0,3052,1406,0,0,350,0,23240,284,14510
3116704,Coimbra,Coimbra,Zona da Mata,0,0,450,0,725,756,967,60,0,0,4560,0,0,7,6400,0,3171,93,2800
3116803,Coluna,Coluna,Vale do Rio Doce,0,0,640,0,4,5300,87,0,0,0,444,0,0,0,0,0,12211,32,7750
3116902,Comendador Gomes,Comendador Gomes,Triângulo Mineiro/Alto Paranaíba,0,0,0,0,0,464900,0,202400,0,88,15360,3080,240,0,0,0,16680,1838,200
3117009,Comercinho,Comercinho,Jequitinhonha,0,0,12,0,3,1248,52,26,0,0,110,0,0,0,0,0,2100,74,350
3117108,Conceição da Aparecida,Conceição da Aparecida,Sul/Sudoeste de Minas,0,0,0,0,15930,102,14,0,0,0,5380,2080,0,0,31,0,6825,80,11100
3117207,Conceição das Pedras,Conceição das Pedras,Sul/Sudoeste de Minas,0,0,677,695,1190,180,0,45,0,0,203,0,0,0,620,0,5179,21,300
3117306,Conceição das Alagoas,Conceição das Alagoas,Triângulo Mineiro/Alto Paranaíba,0,0,0,0,49,3440000,2915,7875,0,700,96000,93960,25000,35,0,0,13700,121,0
3117405,Conceição de Ipanema,Conceição de Ipanema,Vale do Rio Doce,0,0,158,0,850,448,38,20,11,0,140,0,0,0,0,0,9510,34,300
3117504,Conceição do Mato Dentro,Conceição do Mato Dentro,Metropolitana de Belo Horizonte,0,0,840,0,16,3700,57,0,0,0,345,0,0,0,0,0,9364,238,2810
3117603,Conceição do Pará,Conceição do Pará,Oeste de Minas,0,0,4,0,0,1900,11,0,0,0,400,0,0,0,0,0,8404,50,1390
3117702,Conceição do Rio Verde,Conceição do Rio Verde,Sul/Sudoeste de Minas,0,0,0,0,4732,60,5,0,0,0,24960,14987,0,428,180,4288,13500,15,400
3117801,Conceição dos Ouros,Conceição dos Ouros,Sul/Sudoeste de Minas,0,0,11,0,264,30,18,0,0,0,1800,777,0,0,2450,0,5922,30,900
3117836,Cônego Marinho,Cônego Marinho,Norte de Minas,0,0,0,0,0,5900,64,0,0,0,32,0,0,0,0,0,241,134,4950
3117876,Confins,Confins,Metropolitana de Belo Horizonte,0,0,0,0,0,0,0,0,0,0,80,0,0,0,0,0,124,0,0
3117900,Congonhal,Congonhal,Sul/Sudoeste de Minas,0,0,6,3900,452,350,67,0,0,0,907,0,0,0,0,0,6178,44,0
3118007,Congonhas,Congonhas,Metropolitana de Belo Horizonte,0,0,0,0,14,156,89,5,0,0,360,0,0,10,0,0,2000,57,200
3118106,Congonhas do Norte,Congonhas do Norte,Metropolitana de Belo Horizonte,0,0,152,0,18,4200,17,0,0,0,184,0,0,0,0,0,2173,37,730
3118205,Conquista,Conquista,Triângulo Mineiro/Alto Paranaíba,0,0,0,0,0,1736520,192,0,0,0,16500,36900,24000,0,0,0,11178,15,0
3118304,Conselheiro Lafaiete,Conselheiro Lafaiete,Metropolitana de Belo Horizonte,0,0,0,207,0,2100,153,0,4,0,4589,0,0,0,140,0,9211,40,1084
3118403,Conselheiro Pena,Conselheiro Pena,Vale do Rio Doce,0,0,825,0,5502,1568,33,390,162,456,2500,0,0,145,0,0,21622,112,18515
3118502,Consolação,Consolação,Sul/Sudoeste de Minas,0,0,10,0,3,0,12,0,0,0,135,0,0,0,0,0,1945,15,0
3118601,Contagem,Contagem,Metropolitana de Belo Horizonte,0,0,5,0,0,30,0,0,0,0,7,0,0,0,0,0,1128,11,0
3118700,Coqueiral,Coqueiral,Sul/Sudoeste de Minas,0,0,20,0,6270,1935,486,0,0,0,8400,3600,0,0,0,581,9257,111,22050
3118809,Coração de Jesus,Coração de Jesus,Norte de Minas,0,0,66,0,0,28600,291,78,5,0,1820,0,49,26,1300,0,6344,336,955
3118908,Cordisburgo,Cordisburgo,Metropolitana de Belo Horizonte,0,0,42,0,0,2808,3,0,0,12,230,0,0,0,320,0,10687,105,995
3119005,Cordislândia,Cordislândia,Sul/Sudoeste de Minas,0,0,27,375,2520,90,23,0,0,0,6905,6336,0,0,0,0,5440,20,0
3119104,Corinto,Corinto,Central Mineira,0,0,50,0,0,11400,19,0,0,0,1121,0,366,0,0,0,11584,40,0
3119203,Coroaci,Coroaci,Vale do Rio Doce,0,0,133,0,78,3140,24,0,0,0,12,0,32,0,80,0,10120,19,140
3119302,Coromandel,Coromandel,Triângulo Mineiro/Alto Paranaíba,0,14827,5,850,10630,342,5730,0,0,0,175286,177000,6614,3,21200,2666,119070,291,470
3119401,Coronel Fabriciano,Coronel Fabriciano,Vale do Rio Doce,0,0,60,0,0,135,6,0,0,34,4,0,0,0,0,0,340,13,26800
3119500,Coronel Murta,Coronel Murta,Jequitinhonha,0,0,18,0,0,2700,36,8,15,15,107,0,0,0,0,0,1930,116,2100
3119609,Coronel Pacheco,Coronel Pacheco,Zona da Mata,0,0,1060,0,0,0,10,0,0,0,11,0,0,0,0,0,6508,31,0
3119708,Coronel Xavier Chaves,Coronel Xavier Chaves,Campo das Vertentes,0,0,16,0,0,3800,267,0,0,0,3520,180,0,699,110,108,8660,16,300
3119807,Córrego Danta,Córrego Danta,Oeste de Minas,0,0,48,0,1930,414,2,63,8,0,577,200,0,0,0,0,6592,109,3600
3119906,Córrego do Bom Jesus,Córrego do Bom Jesus,Sul/Sudoeste de Minas,0,0,10,480,0,0,3,4,0,0,101,0,0,0,76,0,1570,14,185
3119955,Córrego Fundo,Córrego Fundo,Oeste de Minas,0,0,0,0,25,5150,42,0,0,0,3432,1802,0,0,1024,0,3757,67,9000
3120003,Córrego Novo,Córrego Novo,Vale do Rio Doce,0,0,18,0,50,6650,9,0,0,0,272,0,0,5,0,0,1780,39,2750
3120102,Couto de Magalhães de Minas,Couto de Magalhães de Minas,Jequitinhonha,0,0,9,0,0,770,10,11,0,0,94,0,0,0,0,0,713,19,0
3120151,Crisólita,Crisólita,Vale do Mucuri,0,0,5,0,0,1200,78,0,0,0,150,0,0,0,0,0,10601,12,0
3120201,Cristais,Cristais,Oeste de Minas,0,0,0,0,7483,60000,360,10,9,0,24786,5316,1140,1140,0,0,15000,76,3760
3120300,Cristália,Cristália,Norte de Minas,0,0,22,0,2,2460,86,7,0,7,215,0,0,0,0,0,344,67,150
3120409,Cristiano Otoni,Cristiano Otoni,Metropolitana de Belo Horizonte,0,0,210,400,0,400,312,0,0,0,1542,470,0,120,175,390,13140,43,100
3120508,Cristina,Cristina,Sul/Sudoeste de Minas,0,0,15600,3960,1409,0,198,0,0,0,1500,0,0,8,360,0,12426,38,1250
3120607,Crucilândia,Crucilândia,Metropolitana de Belo Horizonte,0,0,0,0,0,14768,10,0,6,0,480,0,0,120,320,0,5331,44,0
3120706,Cruzeiro da Fortaleza,Cruzeiro da Fortaleza,Triângulo Mineiro/Alto Paranaíba,0,0,0,1200,1448,0,0,0,0,0,1302,4845,444,0,0,126,54219,20,9600
3120805,Cruzília,Cruzília,Sul/Sudoeste de Minas,0,0,0,0,72,2270,396,0,0,0,17660,3705,0,800,0,540,11455,29,10000
3120839,Cuparaque,Cuparaque,Vale do Rio Doce,0,0,39,0,104,9300,1,5,0,246,12,0,0,0,0,0,6700,10,550
3120870,Curral de Dentro,Curral de Dentro,Norte de Minas,0,0,30,0,31,96,37,15,0,8,73,0,23,5,0,0,861,38,508
3120904,Curvelo,Curvelo,Central Mineira,0,0,2160,0,0,19200,125,0,19,300,3588,4,0,45,165,0,18798,86,6100
3121001,Datas,Datas,Jequitinhonha,0,0,11,1950,3,360,108,7,0,0,2142,0,0,0,0,0,909,20,6300
3121100,Delfim Moreira,Delfim Moreira,Sul/Sudoeste de Minas,0,0,0,1000,0,187,16,0,0,0,363,0,0,0,250,0,7700,79,7250
3121209,Delfinópolis,Delfinópolis,Sul/Sudoeste de Minas,0,0,40779,0,297,189800,862,0,0,8,28300,33766,7252,0,30,0,18371,45,190
3121258,Delta,Delta,Triângulo Mineiro/Alto Paranaíba,0,0,200,0,0,419040,0,0,0,0,59,2550,264,0,0,0,1329,1518,0
3121308,Descoberto,Descoberto,Zona da Mata,0,0,12,0,1,2520,6,0,0,0,153,0,0,0,0,0,5361,122,824
3121407,Desterro de Entre Rios,Desterro de Entre Rios,Metropolitana de Belo Horizonte,0,0,28,0,312,4606,250,8,0,0,1600,0,0,0,80,0,12541,83,1300
3121506,Desterro do Melo,Desterro do Melo,Campo das Vertentes,0,0,750,0,2,600,294,0,10,0,2160,0,0,0,50,0,5370,105,0
3121605,Diamantina,Diamantina,Jequitinhonha,0,0,30,0,540,6000,189,18,0,28,912,0,0,0,0,0,3665,198,3120
3121704,Diogo de Vasconcelos,Diogo de Vasconcelos,Metropolitana de Belo Horizonte,0,0,0,0,0,600,50,0,0,0,1035,0,0,0,0,0,1365,16,80000
3121803,Dionísio,Dionísio,Metropolitana de Belo Horizonte,0,0,271,0,3,1950,47,0,0,0,432,0,0,0,0,0,4420,91,5000
3121902,Divinésia,Divinésia,Zona da Mata,0,0,128,0,230,1650,82,0,0,0,371,0,0,0,200,0,3556,10,0
3122009,Divino,Divino,Zona da Mata,0,0,246,0,9630,660,156,0,0,0,1474,0,0,0,0,0,4503,96,1500
3122108,Divino das Laranjeiras,Divino das Laranjeiras,Vale do Rio Doce,0,0,14,0,0,4580,11,0,0,0,32,0,0,0,0,0,5140,19,650
3122207,Divinolândia de Minas,Divinolândia de Minas,Vale do Rio Doce,0,0,40,0,30,1575,84,0,0,0,335,0,0,0,0,0,3086,25,9020
3122306,Divinópolis,Divinópolis,Oeste de Minas,0,0,124,0,0,1400,30,21,30,6,1548,126,5,84,160,0,22180,16650,2030
3122355,Divisa Alegre,Divisa Alegre,Norte de Minas,0,0,19,0,144,0,10,0,0,0,36,0,0,0,0,0,53,13,800
3122405,Divisa Nova,Divisa Nova,Sul/Sudoeste de Minas,0,0,62,750,3832,72680,258,1910,0,0,9426,1777,0,0,0,0,6000,34,0
3122454,Divisópolis,Divisópolis,Jequitinhonha,0,0,120,0,745,1500,94,14,7,0,158,0,0,0,0,0,1412,20,1325
3122470,Dom Bosco,Dom Bosco,Noroeste de Minas,0,0,0,0,0,8350,1830,0,180,316,3797,4108,224,0,0,0,5631,60,0
3122504,Dom Cavati,Dom Cavati,Vale do Rio Doce,0,0,210,0,14,420,11,10,0,0,51,0,0,0,0,0,1351,10,0
3122603,Dom Joaquim,Dom Joaquim,Metropolitana de Belo Horizonte,0,0,36,0,0,2900,41,0,0,0,264,0,0,0,0,0,4440,57,8590
3122702,Dom Silvério,Dom Silvério,Zona da Mata,0,0,23,0,0,1180,11,0,0,0,124,0,0,0,0,0,5084,22,20100
3122801,Dom Viçoso,Dom Viçoso,Sul/Sudoeste de Minas,0,0,304,130,407,160,8,0,0,0,74,0,0,0,0,0,4455,23,2210
3122900,Dona Eusébia,Dona Eusébia,Zona da Mata,0,0,0,0,0,0,2,0,0,0,0,0,0,0,0,0,494,20,75
3123007,Dores de Campos,Dores de Campos,Campo das Vertentes,0,0,0,0,0,425,87,0,0,0,1239,300,0,0,20,180,1770,16,0
3123106,Dores de Guanhães,Dores de Guanhães,Vale do Rio Doce,0,0,0,0,0,22400,55,0,0,0,420,0,0,0,0,0,5094,36,4600
3123205,Dores do Indaiá,Dores do Indaiá,Central Mineira,0,0,0,0,0,2200,38,0,0,0,271,0,120,0,0,0,17085,71,0
3123304,Dores do Turvo,Dores do Turvo,Zona da Mata,0,0,0,0,38,7836,186,0,0,0,330,0,0,0,0,0,11666,23,2700
3123403,Doresópolis,Doresópolis,Oeste de Minas,0,0,0,0,207,3024,28,0,0,0,2150,0,0,0,0,0,5500,33,720
3123502,Douradoquara,Douradoquara,Triângulo Mineiro/Alto Paranaíba,0,0,12,0,0,810,0,0,0,0,1380,1518,0,0,0,0,11114,43,0
3123528,Durandé,Durandé,Zona da Mata,0,0,0,0,6010,574,9,0,0,0,99,0,0,0,0,0,2586,13,0
3123601,Elói Mendes,Elói Mendes,Sul/Sudoeste de Minas,0,0,50,0,10980,1600,248,8,0,0,4860,0,84,0,0,0,25812,1093,1650
3123700,Engenheiro Caldas,Engenheiro Caldas,Vale do Rio Doce,0,0,4,0,0,0,2,10,0,90,23,0,0,0,140,0,6415,11,0
3123809,Engenheiro Navarro,Engenheiro Navarro,Norte de Minas,0,0,27,0,0,3720,216,5,22,0,308,0,36,33,0,0,1600,24,3855
3123858,Entre Folhas,Entre Folhas,Vale do Rio Doce,0,0,98,0,343,300,8,9,0,0,76,0,0,4,0,0,1407,47,900
3123908,Entre Rios de Minas,Entre Rios de Minas,Metropolitana de Belo Horizonte,0,0,0,0,365,1184,300,0,0,0,3143,0,0,0,0,0,17038,91,11520
3124005,Ervália,Ervália,Zona da Mata,0,0,780,0,7800,3768,1864,0,0,0,6804,0,0,0,1200,0,2746,90,6050
3124104,Esmeraldas,Esmeraldas,Metropolitana de Belo Horizonte,0,0,186,0,91,7200,7,0,7,0,608,0,0,11,490,0,12560,1761,2130
3124203,Espera Feliz,Espera Feliz,Zona da Mata,0,0,662,0,11880,120,280,34,0,0,2093,0,0,0,0,0,5550,82,1740
3124302,Espinosa,Espinosa,Norte de Minas,0,0,2819,0,0,1440,156,120,0,185,230,0,122,20,30,0,5097,177,0
3124401,Espírito Santo do Dourado,Espírito Santo do Dourado,Sul/Sudoeste de Minas,0,0,1350,9936,560,0,18,0,0,0,6520,0,0,0,0,0,6925,31,0
3124500,Estiva,Estiva,Sul/Sudoeste de Minas,0,0,25,360,5,0,15,0,0,0,920,0,0,0,450,0,4338,18,1350
3124609,Estrela Dalva,Estrela Dalva,Zona da Mata,0,0,160,0,0,1380,4,0,0,0,759,0,0,0,0,0,4572,10,385
3124708,Estrela do Indaiá,Estrela do Indaiá,Central Mineira,0,0,28,2600,252,2880,365,0,0,0,2247,1053,0,0,0,0,15595,51,825
3124807,Estrela do Sul,Estrela do Sul,Triângulo Mineiro/Alto Paranaíba,0,0,552,0,5060,10440,390,0,102,0,18720,10700,216,0,1400,700,7200,49,500
3124906,Eugenópolis,Eugenópolis,Zona da Mata,0,0,199,0,1500,3515,31,0,0,0,160,0,0,0,0,0,7514,40,0
3125002,Ewbank da Câmara,Ewbank da Câmara,Zona da Mata,0,0,0,0,0,0,1,0,0,0,2,0,0,0,0,0,658,7,0
3125101,Extrema,Extrema,Sul/Sudoeste de Minas,0,0,45,330,4,0,15,0,0,0,394,0,0,0,54,0,2311,46,705
3125200,Fama,Fama,Sul/Sudoeste de Minas,0,0,0,0,1584,0,89,0,0,0,3630,0,0,0,0,0,1800,13,100
3125309,Faria Lemos,Faria Lemos,Zona da Mata,0,0,63,0,690,500,6,0,0,0,59,0,0,0,0,0,7196,11,0
3125408,Felício dos Santos,Felício dos Santos,Jequitinhonha,0,0,26,0,300,1200,50,10,0,0,320,0,0,12,0,0,1363,62,1625
3125507,São Gonçalo do Rio Preto,São Gonçalo do Rio Preto,Jequitinhonha,0,0,23,0,143,1200,14,0,0,0,122,0,0,0,0,0,850,77,2380
3125606,Felisburgo,Felisburgo,Jequitinhonha,0,0,51,0,18,300,105,0,0,0,135,0,0,0,0,0,2633,44,150
3125705,Felixlândia,Felixlândia,Central Mineira,0,0,64,0,0,7500,254,0,0,16,1310,242,0,0,140,0,8411,130,5240
3125804,Fernandes Tourinho,Fernandes Tourinho,Vale do Rio Doce,0,0,0,0,0,450,12,0,0,0,30,0,0,0,82,0,3930,2,0
3125903,Ferros,Ferros,Metropolitana de Belo Horizonte,0,0,70,0,32,21400,138,0,0,0,1092,0,0,0,0,0,8920,150,11700
3125952,Fervedouro,Fervedouro,Zona da Mata,0,0,444,0,5010,300,118,22,6,0,777,0,0,0,30,0,3415,49,425
3126000,Florestal,Florestal,Metropolitana de Belo Horizonte,0,0,0,0,0,1400,1,0,0,0,63,0,0,0,420,0,4836,19,1150
3126109,Formiga,Formiga,Oeste de Minas,0,0,220,3700,4680,2378,1620,0,20,0,58500,25100,0,44,990,0,32963,963,33700
3126208,Formoso,Formoso,Noroeste de Minas,0,0,0,0,514,2410,6390,12064,0,0,42912,64368,420,0,0,0,2140,70,200
3126307,Fortaleza de Minas,Fortaleza de Minas,Sul/Sudoeste de Minas,0,0,10,0,1248,13447,3,6528,0,0,4224,9,0,0,880,0,4574,25,0
3126406,Fortuna de Minas,Fortuna de Minas,Metropolitana de Belo Horizonte,0,0,0,0,0,572,4,0,0,0,120,0,0,0,0,0,4167,35,1900
3126505,Francisco Badaró,Francisco Badaró,Jequitinhonha,0,0,68,0,0,1110,66,24,0,0,195,0,0,0,0,0,820,105,9400
3126604,Francisco Dumont,Francisco Dumont,Norte de Minas,0,0,32,0,480,3900,26,15,0,14,460,0,363,0,0,0,2187,45,325
3126703,Francisco Sá,Francisco Sá,Norte de Minas,0,0,4570,0,2,3850,300,0,15,10,1440,0,140,0,0,0,14980,229,11070
3126752,Franciscópolis,Franciscópolis,Vale do Mucuri,0,0,130,0,14,5550,125,13,0,0,1104,0,0,0,0,0,7340,46,120
3126802,Frei Gaspar,Frei Gaspar,Vale do Mucuri,0,0,63,0,15,2906,20,6,0,0,24,0,50,0,180,0,8561,9,5000
3126901,Frei Inocêncio,Frei Inocêncio,Vale do Rio Doce,0,0,133,0,0,0,6,0,0,0,79,0,0,0,0,0,4300,12,0
3126950,Frei Lagonegro,Frei Lagonegro,Vale do Rio Doce,0,0,73,0,8,1970,45,0,0,0,234,0,0,0,0,0,5400,18,4950
3127008,Fronteira,Fronteira,Triângulo Mineiro/Alto Paranaíba,0,0,0,0,0,41250,11,0,0,0,1203,423,0,0,0,0,1965,70,0
3127057,Fronteira dos Vales,Fronteira dos Vales,Vale do Mucuri,0,0,8,0,0,1139,7,0,0,0,10,0,0,0,0,0,5258,10,0
3127073,Fruta de Leite,Fruta de Leite,Norte de Minas,0,0,39,0,4,2278,120,9,0,19,1741,0,0,0,0,0,159,34,0
3127107,Frutal,Frutal,Triângulo Mineiro/Alto Paranaíba,0,0,0,0,0,5017792,65,122500,24,4356,52080,64400,15600,0,0,0,38040,177,7100
3127206,Funilândia,Funilândia,Metropolitana de Belo Horizonte,0,0,384,0,0,900,26,0,0,20,24,0,0,0,0,0,4645,31,0
3127305,Galiléia,Galiléia,Vale do Rio Doce,0,0,12,0,0,2450,2,0,0,0,57,0,15,0,0,0,7060,30,0
3127339,Gameleiras,Gameleiras,Norte de Minas,0,0,80,0,0,0,63,0,0,0,42,0,9,0,0,0,1099,142,1600
3127354,Glaucilândia,Glaucilândia,Norte de Minas,0,0,0,0,0,1380,20,0,8,36,200,0,24,0,0,0,1637,54,1490
3127370,Goiabeira,Goiabeira,Vale do Rio Doce,0,0,8,0,0,3500,1,0,0,4,34,0,0,0,0,0,3487,5,0
3127388,Goianá,Goianá,Zona da Mata,0,0,16,0,0,120,11,3,0,0,7,0,0,0,0,0,2216,33,915
3127404,Gonçalves,Gonçalves,Sul/Sudoeste de Minas,0,0,1500,200,0,70,12,10,0,0,257,0,0,0,130,0,2969,14,580
3127503,Gonzaga,Gonzaga,Vale do Rio Doce,0,0,57,0,4,210,42,0,0,0,126,0,0,4,0,0,2400,15,85
3127602,Gouveia,Gouveia,Jequitinhonha,0,0,23,0,0,420,26,15,0,464,245,0,0,5,30,0,5295,72,0
3127701,Governador Valadares,Governador Valadares,Vale do Rio Doce,0,0,770,0,4,6660,77,0,0,12,360,0,0,0,0,0,28650,134,0
3127800,Grão Mogol,Grão Mogol,Norte de Minas,0,0,84,0,28,1850,145,180,3,8,450,0,0,5,0,0,1457,162,635
3127909,Grupiara,Grupiara,Triângulo Mineiro/Alto Paranaíba,0,0,0,0,0,0,0,0,66,0,2461,2808,0,42,0,0,3244,0,0
3128006,Guanhães,Guanhães,Vale do Rio Doce,0,0,70,0,8,2420,66,12,0,0,680,0,0,0,0,0,20211,108,28000
3128105,Guapé,Guapé,Sul/Sudoeste de Minas,0,0,0,0,12672,5600,855,0,0,0,12600,504,0,0,0,0,22219,170,0
3128204,Guaraciaba,Guaraciaba,Zona da Mata,0,0,13,25,154,6600,420,0,0,10,1860,0,0,8,0,0,4067,56,25220
3128253,Guaraciama,Guaraciama,Norte de Minas,0,0,5,0,0,900,8,0,0,0,85,0,0,0,0,0,726,49,19316
3128303,Guaranésia,Guaranésia,Sul/Sudoeste de Minas,0,0,0,1443,4675,9000,347,15,270,0,1717,644,0,0,0,148,5490,84,1215
3128402,Guarani,Guarani,Zona da Mata,0,0,14,0,128,60,48,0,0,254,192,0,0,242,0,0,14659,1373,1328
3128501,Guarará,Guarará,Zona da Mata,0,0,110,0,29,1020,12,16,8,0,200,0,0,0,75,0,2150,16,0
3128600,Guarda-Mor,Guarda-Mor,Noroeste de Minas,0,0,1210,600,326,150,22200,0,0,0,114678,209000,11900,0,0,851,33200,87,0
3128709,Guaxupé,Guaxupé,Sul/Sudoeste de Minas,0,0,476,0,6860,2200,95,0,0,0,1296,1466,0,0,0,37,5212,177,420
3128808,Guidoval,Guidoval,Zona da Mata,0,0,260,0,0,532,11,52,0,2200,119,0,0,84,400,0,1396,18,0
3128907,Guimarânia,Guimarânia,Triângulo Mineiro/Alto Paranaíba,0,0,18,0,2630,160,0,214,48,0,14052,12876,4775,170,3600,345,36800,94,8187
3129004,Guiricema,Guiricema,Zona da Mata,0,0,572,0,381,3840,36,0,10,1040,1098,0,0,0,210,0,6663,32,0
3129103,Gurinhatã,Gurinhatã,Triângulo Mineiro/Alto Paranaíba,0,0,30,0,0,584800,4,8908,0,0,1824,271,0,0,0,0,38541,109,0
3129202,Heliodora,Heliodora,Sul/Sudoeste de Minas,0,0,5,1000,3790,900,2,0,0,0,1890,0,0,0,0,0,5500,21,2000
3129301,Iapu,Iapu,Vale do Rio Doce,0,0,1334,0,192,2300,14,0,8,0,216,0,0,10,2100,0,4755,57,0
3129400,Ibertioga,Ibertioga,Campo das Vertentes,0,0,0,150,0,350,1694,0,0,0,8856,499,0,0,52,405,18427,23,8000
3129509,Ibiá,Ibiá,Triângulo Mineiro/Alto Paranaíba,0,0,17,13100,8820,1750,8150,1300,9,0,192300,135207,5100,0,55,11590,43780,62,120
3129608,Ibiaí,Ibiaí,Norte de Minas,0,0,0,0,0,740,62,0,0,0,585,0,0,0,0,0,882,11,2450
3129657,Ibiracatu,Ibiracatu,Norte de Minas,0,0,0,0,0,1180,6,0,0,0,26,0,0,0,0,0,164,56,210
3129707,Ibiraci,Ibiraci,Sul/Sudoeste de Minas,0,0,121,0,18050,183,5,13072,0,0,1600,895,960,480,2520,0,11499,36,400
3129806,Ibirité,Ibirité,Metropolitana de Belo Horizonte,0,0,0,0,0,0,0,0,40,0,3,0,0,0,50,0,351,15,0
3129905,Ibitiúra de Minas,Ibitiúra de Minas,Sul/Sudoeste de Minas,0,0,600,0,1910,0,0,0,0,0,110,0,0,0,43,0,2165,16,0
3130002,Ibituruna,Ibituruna,Oeste de Minas,0,0,0,0,761,2930,1,0,0,0,590,0,0,7,0,0,8080,17,600
3130051,Icaraí de Minas,Icaraí de Minas,Norte de Minas,0,0,0,0,0,5610,36,0,0,0,674,0,180,0,0,0,6621,69,1300
3130101,Igarapé,Igarapé,Metropolitana de Belo Horizonte,0,0,48,0,13,1000,2,30,120,0,120,0,0,108,1600,0,2118,288,0
3130200,Igaratinga,Igaratinga,Oeste de Minas,0,0,0,0,0,150,2,0,0,0,910,0,0,0,0,0,15262,1045,0
3130309,Iguatama,Iguatama,Oeste de Minas,0,0,60,0,0,238140,351,0,0,0,15848,12480,0,0,0,0,12661,103,1800
3130408,Ijaci,Ijaci,Campo das Vertentes,0,0,0,0,125,192,7,0,0,0,1946,0,0,0,0,0,5480,24,450
3130507,Ilicínea,Ilicínea,Sul/Sudoeste de Minas,0,0,0,0,7968,0,1260,0,0,0,9900,0,0,0,0,0,20165,214,0
3130556,Imbé de Minas,Imbé de Minas,Vale do Rio Doce,0,0,1591,0,3360,84,66,221,9,0,471,0,0,571,1250,0,3034,24,0
3130606,Inconfidentes,Inconfidentes,Sul/Sudoeste de Minas,0,0,105,18,1980,145,200,52,0,0,720,0,0,30,710,0,3273,48,1900
3130655,Indaiabira,Indaiabira,Norte de Minas,0,0,41,0,250,7680,294,0,0,17,376,0,0,14,482,0,539,97,700
3130705,Indianópolis,Indianópolis,Triângulo Mineiro/Alto Paranaíba,0,0,4100,2275,7330,1116,1,0,9,0,88372,66970,19110,8,2200,1368,4697,14,0
3130804,Ingaí,Ingaí,Campo das Vertentes,0,0,0,0,934,0,520,0,0,0,13408,3456,0,0,3850,195,20500,44,0
3130903,Inhapim,Inhapim,Vale do Rio Doce,0,0,2626,0,3834,1884,75,166,85,8,506,0,0,185,2700,0,17700,166,730
3131000,Inhaúma,Inhaúma,Metropolitana de Belo Horizonte,0,0,79,0,0,800,2,0,39,0,36,0,0,0,0,0,21259,21,380
3131109,Inimutaba,Inimutaba,Central Mineira,0,0,0,0,0,0,0,0,0,0,1,0,0,0,0,0,6300,22,840
3131158,Ipaba,Ipaba,Vale do Rio Doce,0,0,120,0,0,117,3,0,0,0,26,0,0,0,0,0,820,119,9400
3131208,Ipanema,Ipanema,Vale do Rio Doce,0,0,451,0,0,560,53,188,33,0,880,0,0,60,0,0,17828,68,240
3131307,Ipatinga,Ipatinga,Vale do Rio Doce,0,0,230,0,3,37,1,0,0,0,3,0,0,0,0,0,482,10,8070
3131406,Ipiaçu,Ipiaçu,Triângulo Mineiro/Alto Paranaíba,0,0,0,0,0,297700,0,0,0,0,24927,28891,11876,0,0,0,3540,17,150
3131505,Ipuiúna,Ipuiúna,Sul/Sudoeste de Minas,0,0,0,17380,0,0,90,0,0,0,884,0,0,0,0,0,7914,151,0
3131604,Iraí de Minas,Iraí de Minas,Triângulo Mineiro/Alto Paranaíba,0,0,26,16800,244,0,396,0,0,0,18840,10431,275,0,0,288,24846,29,0
3131703,Itabira,Itabira,Metropolitana de Belo Horizonte,0,0,330,0,3,4900,12,16,0,0,125,0,0,16,0,0,12400,166,29300
3131802,Itabirinha,Itabirinha,Vale do Rio Doce,0,0,31,0,42,390,60,30,0,16,19,0,0,0,0,0,3910,18,300
3131901,Itabirito,Itabirito,Metropolitana de Belo Horizonte,0,0,18,0,0,1100,16,10,0,0,113,0,0,0,0,0,2940,78,4425
3132008,Itacambira,Itacambira,Norte de Minas,0,0,0,0,171,990,84,27,0,36,210,0,0,0,0,0,563,57,1500
3132107,Itacarambi,Itacarambi,Norte de Minas,0,0,3810,0,0,1221,315,0,0,0,9966,4326,0,0,0,0,803,29,490
3132206,Itaguara,Itaguara,Metropolitana de Belo Horizonte,0,0,270,0,0,27840,38,0,0,0,250,0,0,20,1200,0,15700,59,1815
3132305,Itaipé,Itaipé,Vale do Mucuri,0,0,270,0,421,4500,86,26,0,0,133,0,0,0,0,0,2521,51,18000
3132404,Itajubá,Itajubá,Sul/Sudoeste de Minas,0,0,97,230,35,950,8,18,0,0,209,0,0,0,200,0,6879,700,6000
3132503,Itamarandiba,Itamarandiba,Jequitinhonha,0,0,502,0,757,16500,184,15,10,0,1254,0,0,0,280,0,16308,277,347830
3132602,Itamarati de Minas,Itamarati de Minas,Zona da Mata,0,0,53,0,120,1720,3,0,0,48,0,0,0,176,0,0,4938,16,144
3132701,Itambacuri,Itambacuri,Vale do Rio Doce,0,0,612,0,84,6860,79,55,0,7,234,0,0,16,0,0,19815,77,4173
3132800,Itambé do Mato Dentro,Itambé do Mato Dentro,Metropolitana de Belo Horizonte,0,0,33,0,0,600,5,0,0,0,18,0,0,0,0,0,4705,19,575
3132909,Itamogi,Itamogi,Sul/Sudoeste de Minas,0,0,27,0,11360,43024,0,0,0,0,1350,0,0,0,0,0,4852,12,128
3133006,Itamonte,Itamonte,Sul/Sudoeste de Minas,0,0,0,1080,0,1400,216,0,0,0,984,0,0,0,0,0,17813,75,28100
3133105,Itanhandu,Itanhandu,Sul/Sudoeste de Minas,0,0,24,0,0,135,18,50,60,0,135,0,0,30,35,0,13160,74610,1320
3133204,Itanhomi,Itanhomi,Vale do Rio Doce,0,0,55,0,270,51,30,51,0,0,300,0,0,0,0,0,9755,19,0
3133303,Itaobim,Itaobim,Jequitinhonha,0,0,1830,0,0,1058,63,0,0,435,74,0,0,0,0,0,2237,84,30
3133402,Itapagipe,Itapagipe,Triângulo Mineiro/Alto Paranaíba,0,0,0,0,105,1318400,0,3125,20,0,4140,4290,0,0,0,0,50340,821,0
3133501,Itapecerica,Itapecerica,Oeste de Minas,0,0,94,0,530,44800,171,904,0,0,12000,0,0,180,60,0,29570,152,55800
3133600,Itapeva,Itapeva,Sul/Sudoeste de Minas,0,0,0,2250,0,0,5,0,0,0,490,0,0,0,0,0,2559,12,2600
3133709,Itatiaiuçu,Itatiaiuçu,Metropolitana de Belo Horizonte,0,0,30,0,0,1040,6,0,0,0,468,0,0,38,280,0,2802,18,1300
3133758,Itaú de Minas,Itaú de Minas,Sul/Sudoeste de Minas,0,0,0,0,10,27168,183,0,0,0,10980,3401,0,0,0,0,4851,16,0
3133808,Itaúna,Itaúna,Oeste de Minas,0,0,24,0,0,360,15,0,0,0,880,0,0,0,320,0,19473,2754,10550
3133907,Itaverava,Itaverava,Metropolitana de Belo Horizonte,0,0,11,1960,0,3680,50,0,0,0,1872,0,0,0,0,0,3538,51,0
3134004,Itinga,Itinga,Jequitinhonha,0,0,1373,0,0,3648,164,12,0,30,546,0,0,0,0,0,3317,77,315
3134103,Itueta,Itueta,Vale do Rio Doce,0,0,352,0,451,864,64,240,45,200,2400,0,0,48,300,0,4875,91,2150
3134202,Ituiutaba,Ituiutaba,Triângulo Mineiro/Alto Paranaíba,0,0,108,0,2,1690000,32,11944,0,0,47500,64800,21000,44,0,0,51812,210,2100
3134301,Itumirim,Itumirim,Campo das Vertentes,0,0,0,0,450,1305,102,0,0,0,3510,384,0,0,0,156,15265,33,1300
3134400,Iturama,Iturama,Triângulo Mineiro/Alto Paranaíba,0,0,0,0,0,2171700,0,0,6534,0,2520,624,0,10,0,0,18237,74,0
3134509,Itutinga,Itutinga,Campo das Vertentes,0,0,0,0,150,0,1278,0,0,0,5310,2925,0,0,0,3200,20700,48,400
3134608,Jaboticatubas,Jaboticatubas,Metropolitana de Belo Horizonte,0,0,825,0,0,12600,30,1000,0,182,735,0,0,160,540,0,5180,89,2760
3134707,Jacinto,Jacinto,Jequitinhonha,0,0,21,0,0,0,3,0,0,0,4,0,0,0,0,0,4224,28,296
3134806,Jacuí,Jacuí,Sul/Sudoeste de Minas,0,0,0,0,4720,720,9,0,10,0,2304,946,0,0,1960,0,12840,39,1112
3134905,Jacutinga,Jacutinga,Sul/Sudoeste de Minas,0,0,37,0,5362,2460,39,0,0,5,2446,0,0,0,1018,0,3973,15,0
3135001,Jaguaraçu,Jaguaraçu,Vale do Rio Doce,0,0,0,0,0,366,1,0,0,0,20,0,0,0,0,0,1043,3,0
3135050,Jaíba,Jaíba,Norte de Minas,0,10,154710,0,38,750500,544,888,14100,9223,14700,50,90,3000,48613,0,2620,141,50
3135076,Jampruca,Jampruca,Vale do Rio Doce,0,0,0,0,0,494,8,0,0,0,157,0,0,0,0,0,6082,37,700
3135100,Janaúba,Janaúba,Norte de Minas,0,0,39360,0,0,1760,108,115,810,11300,840,0,40,20,30,0,8049,160,7500
3135209,Januária,Januária,Norte de Minas,0,0,410,0,0,12500,390,7,15,0,790,1439,280,0,0,0,4100,508,45910
3135308,Japaraíba,Japaraíba,Central Mineira,0,0,11,0,0,423242,4,0,4,0,696,485,0,0,40,0,6518,43,0
3135357,Japonvar,Japonvar,Norte de Minas,0,0,5,0,0,405,35,5,0,0,69,0,348,0,0,0,1121,59,845
3135407,Jeceaba,Jeceaba,Metropolitana de Belo Horizonte,0,0,14,0,2,1200,54,0,0,0,600,0,0,1035,0,0,3534,115,1950
3135456,Jenipapo de Minas,Jenipapo de Minas,Jequitinhonha,0,0,14,0,0,600,33,5,0,0,185,0,0,0,0,0,357,59,1260
3135506,Jequeri,Jequeri,Zona da Mata,0,0,45,0,1933,48360,91,0,0,0,1632,0,0,0,0,0,5456,98,0
3135605,Jequitaí,Jequitaí,Norte de Minas,0,0,4680,0,0,2500,894,0,0,0,680,1275,15,0,0,0,2166,60,1200
3135704,Jequitibá,Jequitibá,Metropolitana de Belo Horizonte,0,0,120,0,0,15030,45,0,10,74,690,0,0,12,2500,0,7099,44,300
3135803,Jequitinhonha,Jequitinhonha,Jequitinhonha,0,0,6403,0,23,6050,105,24,0,240,155,0,0,9,30,0,3617,188,4636
3135902,Jesuânia,Jesuânia,Sul/Sudoeste de Minas,0,0,198,0,2270,320,2,0,0,0,2914,78,0,15,0,0,11200,19,750
3136009,Joaíma,Joaíma,Jequitinhonha,0,0,72,0,0,1175,56,0,0,0,112,0,0,0,0,0,7913,34,0
3136108,Joanésia,Joanésia,Vale do Rio Doce,0,0,11,0,0,2500,28,7,0,0,156,0,0,0,0,0,3800,40,26210
3136207,João Monlevade,João Monlevade,Metropolitana de Belo Horizonte,0,0,0,0,0,337,2,0,0,0,3,0,0,0,0,0,679,8,66740
3136306,João Pinheiro,João Pinheiro,Noroeste de Minas,0,0,136,0,1510,1813066,11218,420,5,4343,18990,22490,750,0,0,0,69484,465,2300
3136405,Joaquim Felício,Joaquim Felício,Central Mineira,0,0,37,0,0,4960,21,8,0,0,450,0,59,0,0,0,1240,29,840
3136504,Jordânia,Jordânia,Jequitinhonha,0,0,216,0,0,1500,70,0,0,0,180,0,0,0,0,0,9391,25,0
3136520,José Gonçalves de Minas,José Gonçalves de Minas,Jequitinhonha,0,0,49,0,54,2400,36,5,0,0,64,0,0,0,0,0,313,22,2270
3136553,José Raydan,José Raydan,Vale do Rio Doce,0,0,200,0,0,3500,26,0,0,0,312,0,0,0,750,0,5672,18,0
3136579,Josenópolis,Josenópolis,Norte de Minas,0,0,7,0,0,240,62,3,0,4,28,0,0,3,0,0,150,47,0
3136603,Nova União,Nova União,Metropolitana de Belo Horizonte,0,0,39900,0,55,2220,21,0,0,5,128,0,0,0,0,0,1828,23,7250
3136652,Juatuba,Juatuba,Metropolitana de Belo Horizonte,0,0,1385,0,0,300,0,0,0,0,14,0,0,600,44,0,1595,3,0
3136702,Juiz de Fora,Juiz de Fora,Zona da Mata,0,0,49,0,9,1740,66,7,5,0,682,0,0,0,42,0,22931,142,19550
3136801,Juramento,Juramento,Norte de Minas,0,0,0,0,0,420,48,0,0,0,96,0,0,0,0,0,2477,8,20050
3136900,Juruaia,Juruaia,Sul/Sudoeste de Minas,0,0,0,0,6760,3560,22,0,0,0,819,0,0,0,0,0,5890,42,510
3136959,Juvenília,Juvenília,Norte de Minas,0,0,0,0,0,20,51,0,0,0,1030,0,2,0,6000,0,895,64,250
3137007,Ladainha,Ladainha,Vale do Mucuri,0,0,709,0,137,10200,615,58,0,0,1489,0,6,10,0,0,6695,131,6030
3137106,Lagamar,Lagamar,Noroeste de Minas,0,0,0,0,18,520,2295,0,0,0,14730,9824,200,0,0,0,42043,169,0
3137205,Lagoa da Prata,Lagoa da Prata,Central Mineira,0,0,15,0,0,709485,3,0,0,0,240,0,0,0,0,0,23688,261,850
3137304,Lagoa dos Patos,Lagoa dos Patos,Norte de Minas,0,0,0,0,0,120,35,0,0,0,376,0,18,0,0,0,2431,72,490
3137403,Lagoa Dourada,Lagoa Dourada,Campo das Vertentes,0,0,0,0,107,280,5805,0,0,0,44307,3310,0,2,9720,3936,20855,34,0
3137502,Lagoa Formosa,Lagoa Formosa,Triângulo Mineiro/Alto Paranaíba,0,0,1160,0,1360,231,1200,675,0,7,19500,22400,9918,71,8200,0,98310,149,0
3137536,Lagoa Grande,Lagoa Grande,Noroeste de Minas,0,1201,0,0,273,3120,1866,0,0,0,28410,15000,0,0,10000,0,47600,166,8540
3137601,Lagoa Santa,Lagoa Santa,Metropolitana de Belo Horizonte,0,0,0,0,0,756,4,1200,20,20,50,0,0,100,0,0,702,33,100
3137700,Lajinha,Lajinha,Zona da Mata,0,0,275,0,9600,420,128,30,0,0,782,0,0,0,300,0,5463,350,1000
3137809,Lambari,Lambari,Sul/Sudoeste de Minas,0,0,260,0,6520,70,4,0,0,0,181,0,0,230,0,0,2600,61,3500
3137908,Lamim,Lamim,Zona da Mata,0,0,0,0,36,4500,67,0,0,0,810,0,0,0,0,0,2682,36,170
3138005,Laranjal,Laranjal,Zona da Mata,0,0,10,0,0,60,5,0,27,0,90,0,0,0,0,0,8090,28,0
3138104,Lassance,Lassance,Norte de Minas,0,0,8190,0,0,5500,212,3710,0,17,1875,540,0,652,0,0,1817,112,900
3138203,Lavras,Lavras,Campo das Vertentes,0,0,280,0,7275,2070,380,88,0,0,17250,3034,0,0,36,93,22240,7776,30000
3138302,Leandro Ferreira,Leandro Ferreira,Central Mineira,0,0,0,0,0,320,19,0,0,0,340,78,0,0,0,0,11117,57,1020
3138351,Leme do Prado,Leme do Prado,Jequitinhonha,0,0,14,0,0,1824,7,8,0,0,39,0,0,0,0,0,480,30,19825
3138401,Leopoldina,Leopoldina,Zona da Mata,0,0,48,0,9,23360,37,18,0,63,45,0,0,0,0,0,27682,1621,750
3138500,Liberdade,Liberdade,Sul/Sudoeste de Minas,0,0,0,105,0,820,15,0,0,0,894,0,0,0,0,0,18612,12,3278
3138609,Lima Duarte,Lima Duarte,Zona da Mata,0,0,0,0,0,504,62,0,0,0,459,0,0,0,0,0,23750,221,6000
3138625,Limeira do Oeste,Limeira do Oeste,Triângulo Mineiro/Alto Paranaíba,0,0,375,0,0,1971008,0,0,0,0,5460,0,0,150,0,0,18140,58,0
3138658,Lontra,Lontra,Norte de Minas,0,0,0,0,0,500,14,0,0,0,24,0,0,0,0,0,530,49,0
3138674,Luisburgo,Luisburgo,Zona da Mata,0,0,0,0,8874,210,126,0,0,0,1210,0,0,0,150,0,357,52,0
3138682,Luislândia,Luislândia,Norte de Minas,0,0,3,0,0,1260,74,4,0,0,137,0,7,0,0,0,1205,45,0
3138708,Luminárias,Luminárias,Campo das Vertentes,0,0,0,0,3700,333,2740,0,0,0,21540,9292,0,0,430,5215,12510,25,250
3138807,Luz,Luz,Central Mineira,0,0,18,0,63,1205400,500,15,262,0,19260,4322,0,0,0,0,51237,460,3430
3138906,Machacalis,Machacalis,Vale do Mucuri,0,0,0,0,0,775,3,0,0,0,3,0,0,0,0,0,6203,8,0
3139003,Machado,Machado,Sul/Sudoeste de Minas,0,0,110,1810,27600,28000,900,40,12,0,33000,9301,0,0,960,0,11300,4817,17080
3139102,Madre de Deus de Minas,Madre de Deus de Minas,Campo das Vertentes,0,0,0,0,0,183,11250,10075,0,0,57072,16608,0,0,0,12388,20000,27,0
3139201,Malacacheta,Malacacheta,Vale do Mucuri,0,0,180,0,148,1720,218,10,0,0,304,0,0,0,143,0,12032,59,15000
3139250,Mamonas,Mamonas,Norte de Minas,0,0,0,0,0,158,20,0,0,0,42,0,35,0,0,0,1285,110,0
3139300,Manga,Manga,Norte de Minas,0,0,3615,0,0,1320,130,0,0,30,720,480,0,0,0,0,2241,123,0
3139409,Manhuaçu,Manhuaçu,Zona da Mata,0,0,46,0,26274,64,189,0,5,0,1540,0,0,10,425,0,2521,94,0
3139508,Manhumirim,Manhumirim,Zona da Mata,0,0,26,0,9203,0,18,0,0,0,252,0,0,0,0,0,758,17,3420
3139607,Mantena,Mantena,Vale do Rio Doce,0,0,116,0,150,8160,30,0,0,240,85,0,0,0,0,0,10843,54,0
3139706,Maravilhas,Maravilhas,Metropolitana de Belo Horizonte,0,0,16,0,0,920,5,6,0,0,156,0,0,0,6650,0,11949,38,4500
3139805,Mar de Espanha,Mar de Espanha,Zona da Mata,0,0,360,0,92,6468,66,15,0,0,378,0,0,20,0,0,8154,34,285
3139904,Maria da Fé,Maria da Fé,Sul/Sudoeste de Minas,0,0,1172,11720,146,3000,26,24,0,0,432,0,0,0,310,0,8757,22,2000
3140001,Mariana,Mariana,Metropolitana de Belo Horizonte,0,0,96,0,50,1284,14,30,0,8,80,0,0,0,0,0,7960,112,15230
3140100,Marilac,Marilac,Vale do Rio Doce,0,0,1889,0,0,1300,44,0,0,0,1010,0,56,0,3000,0,4454,13,600
3140159,Mário Campos,Mário Campos,Metropolitana de Belo Horizonte,0,0,0,0,0,30,1,0,0,0,20,0,0,24,0,0,15,692,0
3140209,Maripá de Minas,Maripá de Minas,Zona da Mata,0,0,55,0,0,938,17,10,0,0,153,0,0,0,0,0,2705,26,0
3140308,Marliéria,Marliéria,Vale do Rio Doce,0,0,15,0,3,1715,3,0,30,0,33,0,0,0,0,0,3443,29,5160
3140407,Marmelópolis,Marmelópolis,Sul/Sudoeste de Minas,0,0,0,80,0,120,5,0,0,0,40,0,0,0,440,0,2763,9,3500
3140506,Martinho Campos,Martinho Campos,Central Mineira,0,0,0,0,0,2000,453,0,0,0,2205,6946,857,0,0,0,56490,22,0
3140530,Martins Soares,Martins Soares,Zona da Mata,0,0,0,0,6900,0,21,0,0,0,130,0,0,0,0,0,847,37,0
3140555,Mata Verde,Mata Verde,Jequitinhonha,0,0,71,0,330,60,8,0,0,0,24,0,0,0,0,0,1340,7,0
3140605,Materlândia,Materlândia,Vale do Rio Doce,0,0,10,0,1,1306,84,6,0,0,562,0,0,0,0,0,12206,37,1025
3140704,Mateus Leme,Mateus Leme,Metropolitana de Belo Horizonte,0,0,112,0,29,1500,9,0,4,0,1450,0,0,310,1250,0,10306,25,4900
3140803,Matias Barbosa,Matias Barbosa,Zona da Mata,0,0,18,0,0,648,30,0,0,0,8,0,0,0,0,0,1663,7,0
3140852,Matias Cardoso,Matias Cardoso,Norte de Minas,0,15,22470,0,0,30200,225,672,16500,11060,8460,360,70,248,9900,0,1553,70,1430
3140902,Matipó,Matipó,Zona da Mata,0,0,128,0,4090,1024,92,0,0,0,1372,0,0,0,30,0,3916,55,4350
3141009,Mato Verde,Mato Verde,Norte de Minas,0,73,14,0,0,90,29,0,0,0,126,0,178,0,0,0,4083,37,447
3141108,Matozinhos,Matozinhos,Metropolitana de Belo Horizonte,0,0,0,0,0,1150,18,0,0,0,561,750,0,0,0,0,5281,5,0
3141207,Matutina,Matutina,Triângulo Mineiro/Alto Paranaíba,0,0,0,120,280,0,97,0,0,0,42,0,0,0,0,0,20724,57,0
3141306,Medeiros,Medeiros,Oeste de Minas,0,0,7,120,4798,46847,6290,9400,0,0,31426,20239,0,0,0,825,40123,66,1000
3141405,Medina,Medina,Jequitinhonha,0,0,20,0,0,1995,59,10,0,15,210,0,0,0,180,0,4655,161,450
3141504,Mendes Pimentel,Mendes Pimentel,Vale do Rio Doce,0,0,88,0,0,1600,9,0,0,0,104,0,0,0,0,0,5290,38,0
3141603,Mercês,Mercês,Zona da Mata,0,0,86,0,12,2010,100,0,12,0,745,0,0,0,0,0,9830,188,3000
3141702,Mesquita,Mesquita,Vale do Rio Doce,0,0,360,0,0,1260,23,12,0,0,243,0,0,22,0,0,2478,44,2400
3141801,Minas Novas,Minas Novas,Jequitinhonha,0,0,142,0,244,7020,168,150,0,31,927,0,0,0,82,0,1913,433,5878
3141900,Minduri,Minduri,Sul/Sudoeste de Minas,0,0,38,0,3,490,506,0,0,0,17355,2050,0,200,0,525,4309,5,0
3142007,Mirabela,Mirabela,Norte de Minas,0,0,0,0,0,2500,53,0,0,0,325,0,0,0,0,0,1191,75,11575
3142106,Miradouro,Miradouro,Zona da Mata,0,0,1200,0,2014,1475,111,0,0,16,900,0,0,0,0,0,10350,62,120
3142205,Miraí,Miraí,Zona da Mata,0,0,159,0,398,2700,9,21,0,0,240,0,0,0,50,0,4529,52,292
3142254,Miravânia,Miravânia,Norte de Minas,0,0,0,0,0,1350,15,0,0,0,30,0,0,0,0,0,189,31,850
3142304,Moeda,Moeda,Metropolitana de Belo Horizonte,0,0,8,0,4,310,54,0,0,0,23,0,0,520,0,0,2125,29,0
3142403,Moema,Moema,Central Mineira,0,0,0,0,0,63048,0,0,0,0,194,0,0,0,0,0,15337,43,500
3142502,Monjolos,Monjolos,Central Mineira,0,0,0,0,0,2280,2,0,0,200,54,0,0,0,0,0,3850,14,1800
3142601,Monsenhor Paulo,Monsenhor Paulo,Sul/Sudoeste de Minas,0,0,0,450,3440,768,84,0,0,0,3861,0,0,2720,0,135,6264,31,0
3142700,Montalvânia,Montalvânia,Norte de Minas,0,0,9,0,0,1250,105,0,0,0,870,0,0,0,3510,0,1263,96,580
3142809,Monte Alegre de Minas,Monte Alegre de Minas,Triângulo Mineiro/Alto Paranaíba,0,0,3675,0,307,739200,1738,54000,130,32,57840,105000,7500,150,0,180,79500,240,4000
3142908,Monte Azul,Monte Azul,Norte de Minas,0,19,31,0,0,105,150,16,0,0,158,0,114,0,30,0,5857,134,0
3143005,Monte Belo,Monte Belo,Sul/Sudoeste de Minas,0,0,24,0,9460,436990,128,0,0,0,5880,0,0,0,0,0,7710,31,3550
3143104,Monte Carmelo,Monte Carmelo,Triângulo Mineiro/Alto Paranaíba,0,0,150,0,22430,960,875,0,0,0,27360,30690,12120,105,240,720,27125,147,300
3143153,Monte Formoso,Monte Formoso,Jequitinhonha,0,0,0,0,20,600,20,0,0,0,17,0,0,0,0,0,1575,32,0
3143203,Monte Santo de Minas,Monte Santo de Minas,Sul/Sudoeste de Minas,0,0,23,2000,10690,90525,300,3240,0,0,6750,450,0,320,1400,0,15970,50,1650
3143302,Montes Claros,Montes Claros,Norte de Minas,0,0,10850,0,0,13200,582,36,0,658,1445,4,357,110,380,0,10903,52789,9317
3143401,Monte Sião,Monte Sião,Sul/Sudoeste de Minas,0,0,7,0,2040,57600,5,56,0,0,1280,380,0,80,0,0,5431,62,620
3143450,Montezuma,Montezuma,Norte de Minas,0,0,8,0,0,1800,54,3,0,0,72,0,0,0,0,0,237,55,410
3143500,Morada Nova de Minas,Morada Nova de Minas,Central Mineira,0,0,0,180,0,450,2400,0,0,0,15720,9200,720,0,0,0,12318,43,300
3143609,Morro da Garça,Morro da Garça,Central Mineira,0,0,0,0,0,1450,3,0,0,0,365,657,0,0,0,0,7766,18,0
3143708,Morro do Pilar,Morro do Pilar,Metropolitana de Belo Horizonte,0,0,0,0,0,6620,15,0,0,0,73,0,0,0,0,0,3046,41,0
3143807,Munhoz,Munhoz,Sul/Sudoeste de Minas,0,0,0,16480,20,174,53,0,40,0,12144,0,0,0,486,0,4151,12,189
3143906,Muriaé,Muriaé,Zona da Mata,0,0,488,0,1050,3500,96,7,0,0,693,0,100,0,0,0,25450,94,6265
3144003,Mutum,Mutum,Vale do Rio Doce,0,0,420,0,9931,2592,207,420,73,263,1080,0,0,135,350,0,36140,157,36900
3144102,Muzambinho,Muzambinho,Sul/Sudoeste de Minas,0,0,18,0,11000,600,90,0,0,0,5040,0,0,0,51,0,13285,143,2620
3144201,Nacip Raydan,Nacip Raydan,Vale do Rio Doce,0,0,40,0,0,30,9,0,0,0,33,0,0,0,0,0,4015,15,0
3144300,Nanuque,Nanuque,Vale do Mucuri,0,0,0,0,0,45300,2,0,0,0,50,0,0,0,0,0,15250,21,0
3144359,Naque,Naque,Vale do Rio Doce,0,0,12,0,0,1910,4,0,0,0,190,0,0,0,0,0,2476,26,1130
3144375,Natalândia,Natalândia,Noroeste de Minas,0,0,0,0,0,2952,273,0,0,0,612,1051,21,0,0,0,4292,43,220
3144409,Natércia,Natércia,Sul/Sudoeste de Minas,0,0,258,0,2030,240,5,0,0,0,99,0,0,0,0,0,7700,29,2000
3144508,Nazareno,Nazareno,Campo das Vertentes,0,0,0,0,1733,100,423,0,0,0,4210,4620,0,0,0,684,26123,35,500
3144607,Nepomuceno,Nepomuceno,Campo das Vertentes,0,0,44,0,15690,250,522,17,0,0,13832,988,0,0,0,0,11105,17760,21000
3144656,Ninheira,Ninheira,Norte de Minas,0,0,29,0,2060,630,45,0,0,0,65,0,0,0,0,0,464,50,0
3144672,Nova Belém,Nova Belém,Vale do Rio Doce,0,0,176,0,480,30,12,20,0,0,61,0,0,21,0,0,1545,10,820
3144706,Nova Era,Nova Era,Metropolitana de Belo Horizonte,0,0,30,0,5,2700,10,0,0,0,288,0,0,0,0,0,2341,17,18100
3144805,Nova Lima,Nova Lima,Metropolitana de Belo Horizonte,0,0,9,0,1,0,2,5,0,0,21,0,0,0,0,0,40,15,6830
3144904,Nova Módica,Nova Módica,Vale do Rio Doce,0,0,0,0,0,73,2,0,0,0,30,0,0,0,0,0,9829,7,0
3145000,Nova Ponte,Nova Ponte,Triângulo Mineiro/Alto Paranaíba,0,0,24,5680,274,617500,2220,0,0,0,94500,100440,12600,0,0,1943,16070,35,4000
3145059,Nova Porteirinha,Nova Porteirinha,Norte de Minas,0,0,39725,210,3,1800,120,6,0,1350,38,0,0,0,110,0,420,35,4500
3145109,Nova Resende,Nova Resende,Sul/Sudoeste de Minas,0,0,14,2650,23550,208,270,1700,0,0,10438,3077,0,72,0,1280,6350,75,231
3145208,Nova Serrana,Nova Serrana,Oeste de Minas,0,0,0,0,0,260,1,0,0,0,60,0,0,0,0,0,4285,52,1100
3145307,Novo Cruzeiro,Novo Cruzeiro,Jequitinhonha,0,0,95,0,625,34000,310,27,0,0,2029,0,0,17,0,0,7007,339,2128
3145356,Novo Oriente de Minas,Novo Oriente de Minas,Vale do Mucuri,0,0,4,0,0,1542,13,0,0,0,54,0,0,0,0,0,6486,33,43400
3145372,Novorizonte,Novorizonte,Norte de Minas,0,0,156,0,15,12600,29,11,5,24,110,0,0,37,0,0,203,14,120
3145406,Olaria,Olaria,Zona da Mata,0,0,4,0,0,6400,5,0,0,0,24,0,0,0,0,0,4750,31,3150
3145455,Olhos-d'Água,Olhos-d'Água,Norte de Minas,0,0,0,0,0,4590,105,0,0,10,572,0,25,0,630,0,2150,135,19211
3145505,Olímpio Noronha,Olímpio Noronha,Sul/Sudoeste de Minas,0,0,260,0,740,60,0,0,0,0,10,0,0,0,0,0,1540,15,0
3145604,Oliveira,Oliveira,Oeste de Minas,0,0,36,0,8100,7000,115,1870,0,0,3570,0,0,0,4250,0,17583,104,24990
3145703,Oliveira Fortes,Oliveira Fortes,Zona da Mata,0,0,360,0,0,0,33,0,0,0,68,0,0,0,0,0,3944,43,0
3145802,Onça de Pitangui,Onça de Pitangui,Metropolitana de Belo Horizonte,0,0,69,0,0,210,1,0,0,0,371,0,0,0,5600,0,7483,83,4000
3145851,Oratórios,Oratórios,Zona da Mata,0,0,128,0,1,28130,9,0,0,0,360,0,0,0,0,0,715,13,0
3145877,Orizânia,Orizânia,Zona da Mata,0,0,84,0,6280,30,150,0,0,0,800,0,0,0,0,0,910,28,0
3145901,Ouro Branco,Ouro Branco,Metropolitana de Belo Horizonte,0,0,37,1385,0,600,70,0,0,0,1400,0,0,20,0,0,1521,21,1530
3146008,Ouro Fino,Ouro Fino,Sul/Sudoeste de Minas,0,0,15,488,7523,1364,11,10,10,0,2600,0,0,0,110,0,9452,1397,10070
3146107,Ouro Preto,Ouro Preto,Metropolitana de Belo Horizonte,0,0,48,240,16,2494,35,252,0,4,345,0,0,0,219,0,3100,141,12520
3146206,Ouro Verde de Minas,Ouro Verde de Minas,Vale do Mucuri,0,0,158,0,49,1440,34,8,0,0,24,0,0,0,0,0,2935,40,0
3146255,Padre Carvalho,Padre Carvalho,Norte de Minas,0,0,0,0,3,960,59,0,0,0,78,0,0,0,0,0,27,18,100
3146305,Padre Paraíso,Padre Paraíso,Jequitinhonha,0,0,59,0,63,4200,50,44,0,0,72,0,0,0,0,0,1973,60,20000
3146404,Paineiras,Paineiras,Central Mineira,0,0,12,0,0,3350,30,6,0,0,1800,378,800,0,0,0,12748,66,1500
3146503,Pains,Pains,Oeste de Minas,0,0,0,0,32,450,20,0,0,0,6148,2175,50,0,30,0,14869,155,3100
3146552,Pai Pedro,Pai Pedro,Norte de Minas,0,30,0,0,0,0,38,0,0,0,23,0,70,0,0,0,3122,56,1250
3146602,Paiva,Paiva,Zona da Mata,0,0,80,0,2,3335,27,0,0,0,210,0,0,0,0,0,3093,29,1125
3146701,Palma,Palma,Zona da Mata,0,0,40,56,0,500,5,200,250,40,252,0,0,240,0,0,14600,34,0
3146750,Palmópolis,Palmópolis,Jequitinhonha,0,0,0,0,0,120,30,0,0,0,14,0,0,0,0,0,4377,5,90
3146909,Papagaios,Papagaios,Metropolitana de Belo Horizonte,0,0,4,0,0,1400,348,0,0,0,1511,311,150,0,500,0,10894,51,0
3147006,Paracatu,Paracatu,Noroeste de Minas,0,0,320,19393,3590,2062500,57300,72,0,0,240600,361000,5400,0,0,1581,69058,386,1500
3147105,Pará de Minas,Pará de Minas,Metropolitana de Belo Horizonte,0,0,46,0,0,1710,11,0,0,0,250,0,0,0,2450,0,31450,3000,1875
3147204,Paraguaçu,Paraguaçu,Sul/Sudoeste de Minas,0,0,58,3500,8580,120,1080,0,0,0,16200,7086,95,5,320,0,11770,82,1810
3147303,Paraisópolis,Paraisópolis,Sul/Sudoeste de Minas,0,0,1035,1200,147,10374,29,0,0,0,450,0,0,0,480,0,7560,41,130
3147402,Paraopeba,Paraopeba,Metropolitana de Belo Horizonte,0,0,2627,0,0,4410,370,0,0,9,294,0,0,158,280,0,16105,82,3475
3147501,Passabém,Passabém,Metropolitana de Belo Horizonte,0,0,14,0,0,3500,4,0,0,0,60,0,0,0,0,0,2837,10,0
3147600,Passa Quatro,Passa Quatro,Sul/Sudoeste de Minas,0,0,110,792,0,135,14,0,0,0,75,0,0,0,0,0,11179,38806,5200
3147709,Passa Tempo,Passa Tempo,Oeste de Minas,0,0,48,0,120,900,21,0,0,0,864,0,0,0,14240,0,12465,65,1390
3147808,Passa-Vinte,Passa-Vinte,Sul/Sudoeste de Minas,0,0,0,500,0,30,1,0,0,0,4,0,0,0,0,0,6693,12,255
3147907,Passos,Passos,Sul/Sudoeste de Minas,0,0,21,0,4531,738416,3750,0,0,0,64254,24464,979,0,41,300,82781,170,8400
3147956,Patis,Patis,Norte de Minas,0,0,0,0,63,3600,12,0,0,0,58,0,0,0,0,0,1245,31,350
3148004,Patos de Minas,Patos de Minas,Triângulo Mineiro/Alto Paranaíba,0,0,352,0,10320,17100,4740,19,0,0,88200,72500,14688,75,32900,572,191328,659,5000
3148103,Patrocínio,Patrocínio,Triângulo Mineiro/Alto Paranaíba,0,3465,135,13125,56115,360,5910,1540,45,180,67000,58918,14574,500,3312,3248,144432,745,3100
3148202,Patrocínio do Muriaé,Patrocínio do Muriaé,Zona da Mata,0,0,13,0,0,300,6,0,0,0,140,0,0,0,0,0,3534,23,0
3148301,Paula Cândido,Paula Cândido,Zona da Mata,0,0,28,0,1542,1334,666,0,0,0,2145,0,0,0,1580,0,7673,99,2620
3148400,Paulistas,Paulistas,Vale do Rio Doce,0,0,17,0,0,300,63,0,0,0,252,0,0,0,0,0,7651,22,0
3148509,Pavão,Pavão,Vale do Mucuri,0,0,40,0,0,600,6,0,0,0,22,0,0,0,0,0,11393,17,9541
3148608,Peçanha,Peçanha,Vale do Rio Doce,0,0,252,0,126,3900,159,0,0,0,1440,0,0,0,0,0,14458,87,11300
3148707,Pedra Azul,Pedra Azul,Jequitinhonha,0,0,104,0,30,3800,40,8,0,45,115,0,0,0,0,0,5980,31,1720
3148756,Pedra Bonita,Pedra Bonita,Zona da Mata,0,0,6,48,3820,1210,65,0,0,0,270,0,0,0,0,0,690,33,0
3148806,Pedra do Anta,Pedra do Anta,Zona da Mata,0,0,63,0,237,2676,66,0,0,0,1570,0,0,6,120,0,4465,101,3100
3148905,Pedra do Indaiá,Pedra do Indaiá,Oeste de Minas,0,0,40,0,0,114,19,0,0,0,1152,0,0,0,0,0,13800,77,10250
3149002,Pedra Dourada,Pedra Dourada,Zona da Mata,0,0,54,0,1740,2400,80,0,0,0,360,0,0,0,0,0,587,8,0
3149101,Pedralva,Pedralva,Sul/Sudoeste de Minas,0,0,7650,1036,2440,810,25,840,0,0,894,0,0,198,480,0,5144,1202,3800
3149150,Pedras de Maria da Cruz,Pedras de Maria da Cruz,Norte de Minas,0,0,4003,0,0,532,29,0,0,0,55,0,0,0,0,0,3349,128,10400
3149200,Pedrinópolis,Pedrinópolis,Triângulo Mineiro/Alto Paranaíba,0,0,11,8980,39,36200,0,0,0,0,35855,20700,2889,0,0,2754,5657,33,600
3149309,Pedro Leopoldo,Pedro Leopoldo,Metropolitana de Belo Horizonte,0,0,10,0,0,0,7,0,0,0,60,0,0,0,0,0,6154,5780,1200
3149408,Pedro Teixeira,Pedro Teixeira,Zona da Mata,0,0,0,0,0,40,26,4,0,0,53,0,0,0,0,0,3732,40,450
3149507,Pequeri,Pequeri,Zona da Mata,0,0,96,0,0,1225,46,30,0,0,84,0,0,0,0,0,2088,1,0
3149606,Pequi,Pequi,Metropolitana de Belo Horizonte,0,0,462,0,0,100,127,15,0,6,68,0,0,0,3700,0,21680,172,750
3149705,Perdigão,Perdigão,Oeste de Minas,0,0,16,0,0,1050,6,0,0,0,160,0,0,0,0,0,10380,40,180
3149804,Perdizes,Perdizes,Triângulo Mineiro/Alto Paranaíba,0,0,11,177400,13000,1567500,733,2065,11,0,113162,111287,15564,0,0,9856,86020,206,220
3149903,Perdões,Perdões,Oeste de Minas,0,0,64,0,3735,3200,655,508,0,0,8040,0,0,2270,0,0,12900,52,150
3149952,Periquito,Periquito,Vale do Rio Doce,0,0,35,0,2,1320,3,0,0,0,262,0,0,0,0,0,1950,22,5025
3150000,Pescador,Pescador,Vale do Rio Doce,0,0,0,0,0,90,2,0,0,0,24,0,0,0,0,0,3524,8,0
3150109,Piau,Piau,Zona da Mata,0,0,6240,0,0,510,10,80,14,0,48,0,0,770,35,0,3945,26,900
3150158,Piedade de Caratinga,Piedade de Caratinga,Vale do Rio Doce,0,0,220,0,2974,350,120,140,10,0,342,0,0,75,2720,0,1037,24,0
3150208,Piedade de Ponte Nova,Piedade de Ponte Nova,Zona da Mata,0,0,15,0,0,66080,2,0,0,0,45,0,0,0,0,0,2700,26,0
3150307,Piedade do Rio Grande,Piedade do Rio Grande,Campo das Vertentes,0,0,0,0,0,900,610,0,0,0,6319,1757,0,0,0,731,11570,25,0
3150406,Piedade dos Gerais,Piedade dos Gerais,Metropolitana de Belo Horizonte,0,0,16,310,0,5600,14,280,50,30,612,0,0,5510,0,0,8860,51,10800
3150505,Pimenta,Pimenta,Oeste de Minas,0,0,50,2160,1330,2664,564,0,0,0,38109,12230,126,0,5300,0,13630,94,1550
3150539,Pingo-d'Água,Pingo-d'Água,Vale do Rio Doce,0,0,8,0,0,546,3,0,0,0,360,0,0,0,0,0,370,2,12400
3150570,Pintópolis,Pintópolis,Norte de Minas,0,0,0,0,0,750,13,0,0,0,337,0,0,0,0,0,1465,66,300
3150604,Piracema,Piracema,Oeste de Minas,0,0,30,0,8,4560,15,0,0,0,258,0,0,120,952,0,19450,53,2250
3150703,Pirajuba,Pirajuba,Triângulo Mineiro/Alto Paranaíba,0,0,0,0,0,980050,312,0,0,0,33780,36850,9753,0,0,0,1600,4,0
3150802,Piranga,Piranga,Zona da Mata,0,0,28,0,875,9520,1007,10,0,0,7200,0,0,0,0,0,8450,130,14600
3150901,Piranguçu,Piranguçu,Sul/Sudoeste de Minas,0,0,1900,0,6,943,5,28,0,0,176,0,0,0,0,0,1930,38,800
3151008,Piranguinho,Piranguinho,Sul/Sudoeste de Minas,0,0,55,0,550,1500,24,66,0,0,300,0,0,0,480,0,5198,32,2000
3151107,Pirapetinga,Pirapetinga,Zona da Mata,0,0,300,0,0,1920,4,70,0,0,75,0,0,0,0,0,5244,2,0
3151206,Pirapora,Pirapora,Norte de Minas,0,0,14268,0,1650,8799,280,15150,0,110,1693,1350,0,1273,0,0,502,29,500
3151305,Piraúba,Piraúba,Zona da Mata,0,0,245,0,0,3318,14,184,59,510,636,0,0,1360,817,0,4535,1,0
3151404,Pitangui,Pitangui,Metropolitana de Belo Horizonte,0,0,0,0,0,13702,19,0,0,0,2812,0,0,0,250,0,19480,3378,150
3151503,Piumhi,Piumhi,Oeste de Minas,0,0,0,0,14500,3190,1575,672,0,0,27627,5824,0,0,1116,0,29500,187,2900
3151602,Planura,Planura,Triângulo Mineiro/Alto Paranaíba,0,0,0,0,0,627714,821,11424,0,0,50778,32075,4028,0,0,0,650,263,0
3151701,Poço Fundo,Poço Fundo,Sul/Sudoeste de Minas,0,0,900,770,8517,6060,110,0,0,0,5720,0,0,0,2340,0,13436,186,2200
3151800,Poços de Caldas,Poços de Caldas,Sul/Sudoeste de Minas,0,0,350,6300,4680,300,125,0,0,0,6480,260,0,53,189,0,7683,36,2155
3151909,Pocrane,Pocrane,Vale do Rio Doce,0,0,399,0,165,931,72,220,42,280,1350,0,0,145,0,0,12100,56,1050
3152006,Pompéu,Pompéu,Central Mineira,0,0,6,0,0,1056000,1139,0,0,30,16600,2777,0,10,254,0,117900,200,200
3152105,Ponte Nova,Ponte Nova,Zona da Mata,0,0,300,110,7,85330,57,5,28,60,1364,0,0,20,0,0,6350,128,0
3152131,Ponto Chique,Ponto Chique,Norte de Minas,0,0,50,0,0,924,23,0,0,0,20,0,0,0,0,0,92,9,5400
3152170,Ponto dos Volantes,Ponto dos Volantes,Jequitinhonha,0,0,1020,0,28,1776,61,5,0,0,177,0,0,0,0,0,2875,93,0
3152204,Porteirinha,Porteirinha,Norte de Minas,0,0,2060,0,0,120,159,24,3,12,31,0,32,4,20,0,13997,210,5745
3152303,Porto Firme,Porto Firme,Zona da Mata,0,0,88,0,600,3200,932,0,10,0,5760,0,0,0,0,0,5154,125,10320
3152402,Poté,Poté,Vale do Mucuri,0,0,490,0,43,3950,204,94,0,0,1195,0,84,35,0,0,10713,80,30000
3152501,Pouso Alegre,Pouso Alegre,Sul/Sudoeste de Minas,0,0,0,7740,90,455,1010,0,0,0,20838,753,0,330,810,0,16009,977,755
3152600,Pouso Alto,Pouso Alto,Sul/Sudoeste de Minas,0,0,180,0,165,0,104,0,0,0,900,0,0,0,40,0,23537,35923,5450
3152709,Prados,Prados,Campo das Vertentes,0,0,0,0,2,2000,351,0,0,0,4516,0,0,0,0,180,8860,105,1100
3152808,Prata,Prata,Triângulo Mineiro/Alto Paranaíba,0,0,84,0,3,617696,42,157500,216,80,24461,56456,4536,75,0,0,95000,439,4250
3152907,Pratápolis,Pratápolis,Sul/Sudoeste de Minas,0,0,982,0,390,54684,900,60,0,20,19074,5300,0,0,0,0,10520,26,200
3153004,Pratinha,Pratinha,Triângulo Mineiro/Alto Paranaíba,0,0,0,4320,3275,410,1650,0,0,0,16238,3683,39,0,0,600,29351,49,0
3153103,Presidente Bernardes,Presidente Bernardes,Zona da Mata,0,0,0,0,144,2060,762,0,0,0,4074,0,0,0,0,0,4616,59,26000
3153202,Presidente Juscelino,Presidente Juscelino,Central Mineira,0,0,0,0,0,2400,76,0,0,50,486,0,0,0,0,0,7405,23,0
3153301,Presidente Kubitschek,Presidente Kubitschek,Jequitinhonha,0,0,30,0,32,400,8,0,0,0,49,0,0,0,0,0,254,9,3600
3153400,Presidente Olegário,Presidente Olegário,Noroeste de Minas,0,10078,54,5000,7286,163620,3600,1050,0,0,116700,60375,20000,0,45000,2160,59776,205,1005
3153509,Alto Jequitibá,Alto Jequitibá,Zona da Mata,0,0,0,0,7400,255,18,0,0,0,315,0,0,0,0,0,381,22,1625
3153608,Prudente de Morais,Prudente de Morais,Metropolitana de Belo Horizonte,0,0,0,0,0,400,17,0,0,0,7,0,50,0,0,0,1510,5,0
3153707,Quartel Geral,Quartel Geral,Central Mineira,0,0,0,0,552,600,0,0,0,0,120,240,0,0,0,0,7437,41,120
3153806,Queluzito,Queluzito,Metropolitana de Belo Horizonte,0,0,0,0,0,0,210,20,0,0,665,0,0,10,0,0,10202,51,0
3153905,Raposos,Raposos,Metropolitana de Belo Horizonte,0,0,0,0,4,30,0,0,0,0,0,0,0,0,0,0,16,2,1500
3154002,Raul Soares,Raul Soares,Zona da Mata,0,0,625,0,3600,2278,159,12,9,36,1800,0,0,9,110,0,12580,166,4225
3154101,Recreio,Recreio,Zona da Mata,0,0,0,0,2,115,17,0,0,0,144,0,0,0,0,0,7865,14,0
3154150,Reduto,Reduto,Zona da Mata,0,0,0,0,4590,0,2,0,0,0,8,0,0,0,0,0,694,9,0
3154200,Resende Costa,Resende Costa,Campo das Vertentes,0,0,0,0,0,750,97,0,0,0,4320,1005,0,0,400,1218,17880,79,20000
3154309,Resplendor,Resplendor,Vale do Rio Doce,0,0,250,0,87,2150,53,125,36,256,163,0,0,42,0,0,10264,56,240
3154408,Ressaquinha,Ressaquinha,Campo das Vertentes,0,0,0,36,0,1092,330,0,16,0,3772,382,0,0,2100,972,6305,22,3190
3154457,Riachinho,Riachinho,Norte de Minas,0,0,34,0,0,6300,637,17000,3,0,2100,13440,1658,2000,0,0,5050,99,1865
3154507,Riacho dos Machados,Riacho dos Machados,Norte de Minas,0,0,9,0,0,350,38,0,0,0,96,0,14,0,12,0,1713,120,1306
3154606,Ribeirão das Neves,Ribeirão das Neves,Metropolitana de Belo Horizonte,0,0,0,0,0,77,2,0,0,0,8,0,0,0,0,0,673,32,0
3154705,Ribeirão Vermelho,Ribeirão Vermelho,Campo das Vertentes,0,0,5,0,116,462,21,0,0,0,447,0,0,0,0,0,1800,10,0
3154804,Rio Acima,Rio Acima,Metropolitana de Belo Horizonte,0,0,5,0,0,70,3,0,0,0,15,0,0,0,0,0,199,19,11525
3154903,Rio Casca,Rio Casca,Zona da Mata,0,0,10,0,5,54150,1722,0,0,0,2176,0,0,9,0,0,6900,49,4240
3155009,Rio Doce,Rio Doce,Zona da Mata,0,0,0,0,0,4704,4,0,0,0,140,0,0,0,0,0,1497,55,440
3155108,Rio do Prado,Rio do Prado,Jequitinhonha,0,0,0,0,0,0,3,0,0,0,9,0,0,0,0,0,1670,5,0
3155207,Rio Espera,Rio Espera,Zona da Mata,0,0,50,0,3,24360,153,0,0,0,2100,0,0,0,0,0,5225,206,5225
3155306,Rio Manso,Rio Manso,Metropolitana de Belo Horizonte,0,0,0,0,0,720,12,0,0,0,180,0,0,15,420,0,6392,42,2000
3155405,Rio Novo,Rio Novo,Zona da Mata,0,0,0,0,0,70,4,0,0,0,25,0,0,10,0,0,5997,26,350
3155504,Rio Paranaíba,Rio Paranaíba,Triângulo Mineiro/Alto Paranaíba,0,0,0,29930,16320,0,2564,0,0,0,71318,23436,1575,0,1140,6004,83173,562,0
3155603,Rio Pardo de Minas,Rio Pardo de Minas,Norte de Minas,0,0,158,0,1220,39570,755,64,0,12,534,0,0,109,1060,0,1287,166,3200
3155702,Rio Piracicaba,Rio Piracicaba,Metropolitana de Belo Horizonte,0,0,45,0,0,4606,61,0,0,0,277,0,0,0,0,0,5288,46,67685
3155801,Rio Pomba,Rio Pomba,Zona da Mata,0,0,25,0,0,165,63,8,0,450,414,0,0,67,250,0,11506,118,0
3155900,Rio Preto,Rio Preto,Zona da Mata,0,0,12,0,0,41,1,0,0,0,37,0,0,0,0,0,6654,78,868
3156007,Rio Vermelho,Rio Vermelho,Metropolitana de Belo Horizonte,0,0,54,0,9,4800,258,0,0,0,1102,0,0,0,0,0,18904,133,2650
3156106,Ritápolis,Ritápolis,Campo das Vertentes,0,0,0,0,372,3100,370,0,0,0,900,0,0,0,0,72,15100,43,6200
3156205,Rochedo de Minas,Rochedo de Minas,Zona da Mata,0,0,0,0,0,300,1,0,0,0,0,0,0,0,0,0,2671,6,0
3156304,Rodeiro,Rodeiro,Zona da Mata,0,0,0,0,0,60,8,0,0,300,48,0,0,480,50,0,809,3,0
3156403,Romaria,Romaria,Triângulo Mineiro/Alto Paranaíba,0,0,9,0,8790,9939,114,0,90,0,56592,26057,5700,0,330,1320,4240,14,0
3156452,Rosário da Limeira,Rosário da Limeira,Zona da Mata,0,0,50,0,730,150,35,5,0,0,175,0,0,0,0,0,2229,12,1300
3156502,Rubelita,Rubelita,Norte de Minas,0,0,42,0,0,1166,71,3,0,0,232,0,0,0,0,0,1219,131,1650
3156601,Rubim,Rubim,Jequitinhonha,0,0,9,0,13,0,10,0,0,0,37,0,0,0,0,0,6135,38,463
3156700,Sabará,Sabará,Metropolitana de Belo Horizonte,0,0,600,0,7,360,3,0,0,0,14,0,0,0,140,0,986,41,640
3156809,Sabinópolis,Sabinópolis,Vale do Rio Doce,0,0,98,0,5,8800,128,36,24,0,1487,0,0,23,120,0,22021,168,56879
3156908,Sacramento,Sacramento,Triângulo Mineiro/Alto Paranaíba,0,0,0,96250,2586,1332288,12200,400,100,380,257000,115500,50000,0,3360,7920,46155,116,5100
3157005,Salinas,Salinas,Norte de Minas,0,0,627,54,7,7020,188,57,24,60,1275,0,88,36,1000,0,5075,395,0
3157104,Salto da Divisa,Salto da Divisa,Jequitinhonha,0,0,50,0,0,0,4,0,0,0,6,0,0,0,0,0,898,5,0
3157203,Santa Bárbara,Santa Bárbara,Metropolitana de Belo Horizonte,0,0,52,0,14,1802,17,0,0,0,81,0,0,0,0,0,1811,43,61625
3157252,Santa Bárbara do Leste,Santa Bárbara do Leste,Vale do Rio Doce,0,0,188,0,3100,300,82,12,33,128,644,0,0,60,4800,0,453,23,900
3157278,Santa Bárbara do Monte Verde,Santa Bárbara do Monte Verde,Zona da Mata,0,0,0,0,2,204,3,0,0,0,3,0,0,0,0,0,7175,44,650
3157302,Santa Bárbara do Tugúrio,Santa Bárbara do Tugúrio,Campo das Vertentes,0,0,2100,0,10,1060,29,0,0,0,242,0,0,0,31,0,5383,45,0
3157336,Santa Cruz de Minas,Santa Cruz de Minas,Campo das Vertentes,0,0,0,0,0,0,0,0,0,0,0,0,0,0,0,0,0,1,0
3157377,Santa Cruz de Salinas,Santa Cruz de Salinas,Norte de Minas,0,0,5,0,2,270,70,8,0,0,84,0,0,0,0,0,524,253,0
3157401,Santa Cruz do Escalvado,Santa Cruz do Escalvado,Zona da Mata,0,0,22,0,0,45450,4,0,0,0,96,0,0,0,0,0,3469,40,1225
3157500,Santa Efigênia de Minas,Santa Efigênia de Minas,Vale do Rio Doce,0,0,43,0,2,60,12,0,0,0,54,0,0,0,0,0,1630,7,0
3157609,Santa Fé de Minas,Santa Fé de Minas,Norte de Minas,0,0,0,0,0,270,240,0,0,0,208,0,0,0,0,0,2105,58,230
3157658,Santa Helena de Minas,Santa Helena de Minas,Vale do Mucuri,0,0,113,0,0,500,30,0,0,0,83,0,0,0,0,0,5003,78,0
3157708,Santa Juliana,Santa Juliana,Triângulo Mineiro/Alto Paranaíba,0,0,0,112020,0,1200000,380,0,0,0,49350,26505,5145,0,0,8512,26115,32,0
3157807,Santa Luzia,Santa Luzia,Metropolitana de Belo Horizonte,0,0,150,0,0,190,0,0,0,0,0,0,0,0,0,0,2309,34,850
3157906,Santa Margarida,Santa Margarida,Zona da Mata,0,0,36,0,11760,400,147,0,0,0,1596,0,0,0,0,0,2555,107,4060
3158003,Santa Maria de Itabira,Santa Maria de Itabira,Metropolitana de Belo Horizonte,0,0,105,0,0,2880,9,0,0,0,328,0,0,0,0,0,7387,803,21700
3158102,Santa Maria do Salto,Santa Maria do Salto,Jequitinhonha,0,0,7,0,15,720,15,0,0,0,132,0,0,0,0,0,1403,11,0
3158201,Santa Maria do Suaçuí,Santa Maria do Suaçuí,Vale do Rio Doce,0,0,81,0,4,3380,80,0,0,0,1612,0,0,0,0,0,9858,41,5200
3158300,Santana da Vargem,Santana da Vargem,Sul/Sudoeste de Minas,0,0,81,0,6610,62,126,0,0,0,3682,22050,0,0,250,525,2665,41,13650
3158409,Santana de Cataguases,Santana de Cataguases,Zona da Mata,0,0,18,0,0,0,11,0,0,20,33,0,0,0,0,0,3125,4,0
3158508,Santana de Pirapama,Santana de Pirapama,Metropolitana de Belo Horizonte,0,0,166,0,0,2840,25,0,11,330,315,0,0,56,440,0,15316,128,0
3158607,Santana do Deserto,Santana do Deserto,Zona da Mata,0,0,0,0,0,606,4,21,0,0,1540,0,0,0,0,0,895,7,0
3158706,Santana do Garambéu,Santana do Garambéu,Campo das Vertentes,0,0,41,0,5,840,23,0,0,0,364,0,0,0,0,0,3690,10,30092
3158805,Santana do Jacaré,Santana do Jacaré,Oeste de Minas,0,0,0,0,576,0,27,0,0,0,168,0,0,0,0,0,523,1051,564
3158904,Santana do Manhuaçu,Santana do Manhuaçu,Zona da Mata,0,0,110,0,9030,450,8,43,0,0,396,0,0,5,0,0,8700,76,0
3158953,Santana do Paraíso,Santana do Paraíso,Vale do Rio Doce,0,0,7,0,6,216,2,0,0,0,10,0,0,0,0,0,3853,15,26100
3159001,Santana do Riacho,Santana do Riacho,Metropolitana de Belo Horizonte,0,0,6,0,0,150,8,0,0,0,36,0,0,0,0,0,1640,29,0
3159100,Santana dos Montes,Santana dos Montes,Metropolitana de Belo Horizonte,0,0,0,0,0,2680,77,0,0,0,1260,0,0,0,0,0,4560,23,0
3159209,Santa Rita de Caldas,Santa Rita de Caldas,Sul/Sudoeste de Minas,0,0,0,11450,240,930,750,125,0,0,14235,0,0,0,0,0,25209,69,0
3159308,Santa Rita de Jacutinga,Santa Rita de Jacutinga,Zona da Mata,0,0,14,0,0,234,6,0,0,0,22,0,0,0,0,0,14390,58,1010
3159357,Santa Rita de Minas,Santa Rita de Minas,Vale do Rio Doce,0,0,28,0,1990,0,42,5,0,0,279,0,0,10,140,0,909,18,0
3159407,Santa Rita de Ibitipoca,Santa Rita de Ibitipoca,Zona da Mata,0,0,0,0,0,1700,90,0,0,0,991,0,0,0,0,0,17821,24,6800
3159506,Santa Rita do Itueto,Santa Rita do Itueto,Vale do Rio Doce,0,0,66,0,3168,648,175,48,26,17,1250,0,0,760,0,0,4345,26,1125
3159605,Santa Rita do Sapucaí,Santa Rita do Sapucaí,Sul/Sudoeste de Minas,0,0,120,2850,6000,1140,97,5,0,0,4005,347,0,5,0,0,11307,49,8500
3159704,Santa Rosa da Serra,Santa Rosa da Serra,Triângulo Mineiro/Alto Paranaíba,0,0,0,0,4340,1880,122,0,0,0,963,0,0,0,0,0,4310,31,0
3159803,Santa Vitória,Santa Vitória,Triângulo Mineiro/Alto Paranaíba,0,0,100,0,0,3500000,0,0,0,0,7190,2665,2604,0,0,0,30929,101,3310
3159902,Santo Antônio do Amparo,Santo Antônio do Amparo,Oeste de Minas,0,0,0,0,8917,770,70,144,0,0,4680,0,0,360,0,0,3800,36,900
3160009,Santo Antônio do Aventureiro,Santo Antônio do Aventureiro,Zona da Mata,0,0,56,0,0,390,5,60,0,0,10,0,0,0,80,0,5740,18,1050
3160108,Santo Antônio do Grama,Santo Antônio do Grama,Zona da Mata,0,0,0,0,150,23970,3,0,0,0,70,0,0,0,390,0,2241,54,0
3160207,Santo Antônio do Itambé,Santo Antônio do Itambé,Metropolitana de Belo Horizonte,0,0,22,0,0,600,27,0,0,0,405,0,0,0,0,0,4993,24,4100
3160306,Santo Antônio do Jacinto,Santo Antônio do Jacinto,Jequitinhonha,0,0,7,0,0,1800,62,0,0,0,36,0,0,0,0,0,5021,53,0
3160405,Santo Antônio do Monte,Santo Antônio do Monte,Oeste de Minas,0,0,35,0,13,9600,37,0,36,0,1092,0,11,0,41,0,62492,18965,9990
3160454,Santo Antônio do Retiro,Santo Antônio do Retiro,Norte de Minas,0,0,910,0,28,5200,193,100,0,4,125,0,0,110,59,0,502,47,0
3160504,Santo Antônio do Rio Abaixo,Santo Antônio do Rio Abaixo,Metropolitana de Belo Horizonte,0,0,10,0,0,4300,1,0,0,0,13,0,0,0,0,0,3246,27,1400
3160603,Santo Hipólito,Santo Hipólito,Central Mineira,0,0,0,0,0,817,4,0,0,100,638,0,48,0,0,0,4558,21,0
3160702,Santos Dumont,Santos Dumont,Zona da Mata,0,0,220,0,0,1980,19,0,0,0,506,0,0,0,30,0,17101,77,680
3160801,São Bento Abade,São Bento Abade,Sul/Sudoeste de Minas,0,0,0,1200,1520,0,714,0,0,0,6669,3230,0,0,0,1471,1700,4,8250
3160900,São Brás do Suaçuí,São Brás do Suaçuí,Metropolitana de Belo Horizonte,0,0,0,0,0,0,53,0,0,74,126,0,0,0,0,0,1547,17,2910
3160959,São Domingos das Dores,São Domingos das Dores,Vale do Rio Doce,0,0,1080,0,3150,0,135,30,20,0,315,0,0,96,270,0,144,26,1150
3161007,São Domingos do Prata,São Domingos do Prata,Metropolitana de Belo Horizonte,0,0,133,0,72,10600,64,6,0,0,237,0,0,0,82,0,9159,82,66495
3161056,São Félix de Minas,São Félix de Minas,Vale do Rio Doce,0,0,135,0,0,2535,15,8,0,0,36,0,0,0,0,0,4080,7,0
3161106,São Francisco,São Francisco,Norte de Minas,0,0,9300,0,0,18600,87,8,0,4,590,0,18,0,0,0,11251,270,14050
3161205,São Francisco de Paula,São Francisco de Paula,Oeste de Minas,0,0,0,0,4992,2400,546,720,0,0,6480,129,0,360,0,0,5270,26,7600
3161304,São Francisco de Sales,São Francisco de Sales,Triângulo Mineiro/Alto Paranaíba,0,0,0,0,0,1157120,0,0,0,430,2880,5110,0,0,0,0,15500,37,190
3161403,São Francisco do Glória,São Francisco do Glória,Zona da Mata,0,0,0,0,1000,50,4,0,0,0,47,0,0,0,0,0,4736,52,11500
3161502,São Geraldo,São Geraldo,Zona da Mata,0,0,235,0,340,1100,190,210,0,0,468,0,0,22,752,0,2929,15,0
3161601,São Geraldo da Piedade,São Geraldo da Piedade,Vale do Rio Doce,0,0,620,0,0,2900,12,0,0,0,43,0,0,0,0,0,3720,8,0
3161650,São Geraldo do Baixio,São Geraldo do Baixio,Vale do Rio Doce,0,0,7,0,0,3100,4,0,0,5,75,0,13,0,0,0,5494,10,370
3161700,São Gonçalo do Abaeté,São Gonçalo do Abaeté,Noroeste de Minas,0,7817,360,0,60,10800,2418,0,0,0,22344,12064,0,0,12000,1480,3713,43,0
3161809,São Gonçalo do Pará,São Gonçalo do Pará,Oeste de Minas,0,0,0,0,0,3750,3,4,0,0,120,0,0,12,0,0,9948,1334,3030
3161908,São Gonçalo do Rio Abaixo,São Gonçalo do Rio Abaixo,Metropolitana de Belo Horizonte,0,0,518,0,4,17710,4,10,0,0,76,0,0,0,0,0,3838,64,55390
3162005,São Gonçalo do Sapucaí,São Gonçalo do Sapucaí,Sul/Sudoeste de Minas,0,0,97,7570,6900,48,850,170,10,0,28083,9574,0,2315,3100,2115,27410,43,3150
3162104,São Gotardo,São Gotardo,Triângulo Mineiro/Alto Paranaíba,0,0,116,5080,2300,7800,940,0,0,0,13646,6593,0,0,270,5603,51311,376,0
3162203,São João Batista do Glória,São João Batista do Glória,Sul/Sudoeste de Minas,0,0,105,0,490,55600,3416,0,0,0,35488,17052,2886,0,0,781,35070,43,900
3162252,São João da Lagoa,São João da Lagoa,Norte de Minas,0,0,20,0,0,3250,55,7,0,0,1600,0,100,0,50,0,3166,103,300
3162302,São João da Mata,São João da Mata,Sul/Sudoeste de Minas,0,0,1700,1894,1253,1600,48,0,0,0,4010,0,0,0,660,0,6264,26,0
3162401,São João da Ponte,São João da Ponte,Norte de Minas,0,0,967,0,0,6000,102,3,0,0,1260,0,196,0,0,0,4027,195,1200
3162450,São João das Missões,São João das Missões,Norte de Minas,0,0,14,0,0,1360,343,0,0,0,648,0,0,0,0,0,600,168,150
3162500,São João del Rei,São João del Rei,Campo das Vertentes,0,0,0,1050,348,1640,9444,3360,0,0,56493,15312,0,179,100,9106,51000,135,30000
3162559,São João do Manhuaçu,São João do Manhuaçu,Zona da Mata,0,0,0,0,7730,0,102,7,0,0,736,0,0,0,396,0,622,61,0
3162575,São João do Manteninha,São João do Manteninha,Vale do Rio Doce,0,0,5,0,26,310,1,0,0,122,5,0,0,0,0,0,1997,20,0
3162609,São João do Oriente,São João do Oriente,Vale do Rio Doce,0,0,13,24,0,0,3,0,0,12,27,0,0,0,70,0,6582,23,0
3162658,São João do Pacuí,São João do Pacuí,Norte de Minas,0,0,6,0,0,3900,44,6,0,0,540,0,165,0,0,0,1383,59,3080
3162708,São João do Paraíso,São João do Paraíso,Norte de Minas,0,0,105,0,130,93640,318,33,0,0,276,0,0,14,0,0,902,141,0
3162807,São João Evangelista,São João Evangelista,Vale do Rio Doce,0,0,220,0,0,9100,120,0,0,0,318,0,0,0,0,0,21184,77,23900
3162906,São João Nepomuceno,São João Nepomuceno,Zona da Mata,0,0,476,0,0,4180,4,21,0,0,226,0,0,14,0,0,13810,87,1346
3162922,São Joaquim de Bicas,São Joaquim de Bicas,Metropolitana de Belo Horizonte,0,0,540,0,0,30,1,0,0,0,7,0,0,0,360,0,630,12,0
3162948,São José da Barra,São José da Barra,Sul/Sudoeste de Minas,0,0,42,0,4590,33200,50,0,12,0,15225,5625,60,0,0,0,13815,33,60000
3162955,São José da Lapa,São José da Lapa,Metropolitana de Belo Horizonte,0,0,0,0,0,0,0,0,0,0,128,0,0,0,0,0,733,2953,0
3163003,São José da Safira,São José da Safira,Vale do Rio Doce,0,0,30,0,0,0,5,0,0,0,140,0,0,0,0,0,1163,2,0
3163102,São José da Varginha,São José da Varginha,Metropolitana de Belo Horizonte,0,0,340,0,0,0,1,0,0,0,189,0,0,0,5500,0,11428,33,0
3163201,São José do Alegre,São José do Alegre,Sul/Sudoeste de Minas,0,0,341,270,220,930,7,80,0,0,160,0,0,120,0,0,2538,38,760
3163300,São José do Divino,São José do Divino,Vale do Rio Doce,0,0,0,0,0,2200,0,120,0,0,2,0,0,0,0,0,3483,10,0
3163409,São José do Goiabal,São José do Goiabal,Metropolitana de Belo Horizonte,0,0,15,0,2,77378,19,18,0,0,300,0,0,0,0,0,8350,24,0
3163508,São José do Jacuri,São José do Jacuri,Vale do Rio Doce,0,0,73,0,0,570,81,0,0,0,550,0,0,0,300,0,10325,17,15300
3163607,São José do Mantimento,São José do Mantimento,Zona da Mata,0,0,0,0,672,960,16,0,0,0,130,0,0,0,0,0,2458,13,0
3163706,São Lourenço,São Lourenço,Sul/Sudoeste de Minas,0,0,0,0,55,0,0,0,0,0,8,0,0,0,0,0,1884,18,0
3163805,São Miguel do Anta,São Miguel do Anta,Zona da Mata,0,0,105,0,1561,960,207,0,0,0,3510,0,0,74,500,0,3075,93,11650
3163904,São Pedro da União,São Pedro da União,Sul/Sudoeste de Minas,0,0,0,0,6780,0,200,195,0,0,7968,6270,0,171,0,1760,10990,34,328
3164001,São Pedro dos Ferros,São Pedro dos Ferros,Zona da Mata,0,0,33,0,0,258600,8,5,0,0,56,0,0,32,0,0,3250,31,14600
3164100,São Pedro do Suaçuí,São Pedro do Suaçuí,Vale do Rio Doce,0,0,0,0,0,520,61,0,0,0,805,0,0,0,0,0,8125,17,400
3164209,São Romão,São Romão,Norte de Minas,0,12702,0,0,0,2280,2360,0,0,0,34488,4176,0,0,0,0,1452,135,245
3164308,São Roque de Minas,São Roque de Minas,Oeste de Minas,0,0,30,1500,8249,1800,510,0,0,2121,11184,6124,70,80,0,0,39850,123,1360
3164407,São Sebastião da Bela Vista,São Sebastião da Bela Vista,Sul/Sudoeste de Minas,0,0,0,2039,1353,378,392,0,0,0,5880,972,0,0,0,0,6740,25,0
3164431,São Sebastião da Vargem Alegre,São Sebastião da Vargem Alegre,Zona da Mata,0,0,96,0,1133,0,24,0,0,0,40,0,0,0,80,0,2448,6,0
3164472,São Sebastião do Anta,São Sebastião do Anta,Vale do Rio Doce,0,0,1860,0,5050,60,159,0,0,0,357,0,0,0,35,0,857,41,0
3164506,São Sebastião do Maranhão,São Sebastião do Maranhão,Vale do Rio Doce,0,0,200,0,36,6600,154,0,0,0,940,0,0,0,0,0,13263,20,10565
3164605,São Sebastião do Oeste,São Sebastião do Oeste,Oeste de Minas,0,0,0,0,0,700,11,0,0,0,770,0,0,0,0,0,12770,149,5000
3164704,São Sebastião do Paraíso,São Sebastião do Paraíso,Sul/Sudoeste de Minas,0,0,301,0,20320,480000,140,28200,40,42,7524,2074,1225,0,10400,0,18587,992,1870
3164803,São Sebastião do Rio Preto,São Sebastião do Rio Preto,Metropolitana de Belo Horizonte,0,0,0,0,0,51,9,0,0,0,34,0,0,0,0,0,4054,13,0
3164902,São Sebastião do Rio Verde,São Sebastião do Rio Verde,Sul/Sudoeste de Minas,0,0,0,0,0,0,87,0,0,0,1420,0,0,0,0,0,5181,24,400
3165008,São Tiago,São Tiago,Campo das Vertentes,0,0,30,0,520,2736,129,0,0,10,1556,0,0,0,0,0,33000,570,20000
3165107,São Tomás de Aquino,São Tomás de Aquino,Sul/Sudoeste de Minas,0,0,13,0,10400,180000,33,0,0,0,518,60,0,0,30,0,4824,21,0
3165206,São Thomé das Letras,São Thomé das Letras,Sul/Sudoeste de Minas,0,0,26,0,1030,63,20,0,0,0,3650,132,0,0,0,0,5500,18,700
3165305,São Vicente de Minas,São Vicente de Minas,Sul/Sudoeste de Minas,0,0,10,32,0,730,855,475,2,0,13122,4880,0,300,110,1493,14880,10,1500
3165404,Sapucaí-Mirim,Sapucaí-Mirim,Sul/Sudoeste de Minas,0,0,24,0,0,0,7,0,0,0,30,0,0,0,159,0,1391,5,0
3165503,Sardoá,Sardoá,Vale do Rio Doce,0,0,50,0,16,248,105,0,5,0,178,0,0,0,0,0,1898,24,2030
3165537,Sarzedo,Sarzedo,Metropolitana de Belo Horizonte,0,0,18,0,0,0,1,0,16,0,160,0,0,0,0,0,222,3,0
3165552,Setubinha,Setubinha,Vale do Mucuri,0,0,110,0,545,2100,131,5,0,0,694,0,0,62,23,0,2160,62,1550
3165560,Sem-Peixe,Sem-Peixe,Zona da Mata,0,0,10,0,0,15936,26,0,0,0,124,0,0,0,0,0,3210,31,130
3165578,Senador Amaral,Senador Amaral,Sul/Sudoeste de Minas,0,0,0,6025,0,0,5,0,0,0,792,0,0,0,0,0,2218,16,0
3165602,Senador Cortes,Senador Cortes,Zona da Mata,0,0,62,0,0,1512,48,0,0,0,0,0,0,0,0,0,4532,5,120
3165701,Senador Firmino,Senador Firmino,Zona da Mata,0,0,7,0,76,3570,81,0,0,0,638,0,0,0,0,0,5012,11,0
3165800,Senador José Bento,Senador José Bento,Sul/Sudoeste de Minas,0,0,189,750,663,0,96,0,0,0,648,0,0,0,0,0,2262,14,0
3165909,Senador Modestino Gonçalves,Senador Modestino Gonçalves,Jequitinhonha,0,0,10,0,48,3500,46,6,0,0,505,0,0,0,0,0,2833,125,2415
3166006,Senhora de Oliveira,Senhora de Oliveira,Zona da Mata,0,0,0,0,220,5650,68,0,0,0,546,0,0,0,0,0,2705,36,0
3166105,Senhora do Porto,Senhora do Porto,Vale do Rio Doce,0,0,145,0,0,1420,12,0,0,0,140,0,0,0,0,0,5438,24,2030
3166204,Senhora dos Remédios,Senhora dos Remédios,Campo das Vertentes,0,0,225,0,48,9000,186,0,0,0,1650,0,0,0,150,0,11715,106,430
3166303,Sericita,Sericita,Zona da Mata,0,0,60,0,3300,300,62,0,0,0,527,0,0,0,0,0,712,33,0
3166402,Seritinga,Seritinga,Sul/Sudoeste de Minas,0,0,0,0,0,810,3,0,0,0,160,0,0,0,0,0,5643,12,0
3166501,Serra Azul de Minas,Serra Azul de Minas,Metropolitana de Belo Horizonte,0,0,0,0,4,732,22,0,0,0,180,0,0,0,0,0,4130,14,360
3166600,Serra da Saudade,Serra da Saudade,Central Mineira,0,0,0,0,0,0,2,0,0,0,100,0,0,0,0,0,2803,5,290
3166709,Serra dos Aimorés,Serra dos Aimorés,Vale do Mucuri,0,0,0,0,0,99000,4,0,0,0,3,0,0,0,0,0,1819,10,0
3166808,Serra do Salitre,Serra do Salitre,Triângulo Mineiro/Alto Paranaíba,0,0,20,5890,15040,0,5010,1840,0,0,73750,52056,15444,0,550,6372,64880,34,0
3166907,Serrania,Serrania,Sul/Sudoeste de Minas,0,0,0,400,5400,97500,945,0,0,0,5400,1755,0,0,600,0,3980,19,3800
3166956,Serranópolis de Minas,Serranópolis de Minas,Norte de Minas,0,0,0,0,7,0,85,0,0,0,48,0,13,0,0,0,2719,34,147
3167004,Serranos,Serranos,Sul/Sudoeste de Minas,0,0,0,0,0,940,14,0,0,0,1020,195,0,0,0,0,8190,19,5100
3167103,Serro,Serro,Metropolitana de Belo Horizonte,0,0,55,0,6,2550,61,6,0,0,1285,0,0,0,0,0,19962,144,1890
3167202,Sete Lagoas,Sete Lagoas,Metropolitana de Belo Horizonte,0,0,0,0,0,1435,19,21,0,82,243,308,60,0,0,0,10201,54,600
3167301,Silveirânia,Silveirânia,Zona da Mata,0,0,21,0,0,1560,53,0,0,0,51,0,0,0,0,0,8704,3,0
3167400,Silvianópolis,Silvianópolis,Sul/Sudoeste de Minas,0,0,800,1740,1600,0,32,1750,0,0,7200,504,0,0,550,0,14333,27,3300
3167509,Simão Pereira,Simão Pereira,Zona da Mata,0,0,14,0,0,140,29,0,0,0,297,0,0,0,0,0,1980,8,0
3167608,Simonésia,Simonésia,Zona da Mata,0,0,210,25,12720,900,133,55,26,120,1368,0,0,12,930,0,2780,91,210
3167707,Sobrália,Sobrália,Vale do Rio Doce,0,0,18,0,0,90,7,0,0,0,69,0,0,0,0,0,4700,17,0
3167806,Soledade de Minas,Soledade de Minas,Sul/Sudoeste de Minas,0,0,240,0,576,0,35,0,0,0,2400,600,0,0,0,360,7568,66,3200
3167905,Tabuleiro,Tabuleiro,Zona da Mata,0,0,17,0,0,30,14,6,0,0,120,0,0,94,0,0,5660,30,1000
3168002,Taiobeiras,Taiobeiras,Norte de Minas,0,0,36,0,920,2150,216,24,0,21,225,0,100,21,1650,0,2111,182,5765
3168051,Taparuba,Taparuba,Vale do Rio Doce,0,0,115,0,0,1400,45,175,23,0,595,0,0,0,0,0,6741,21,0
3168101,Tapira,Tapira,Triângulo Mineiro/Alto Paranaíba,0,0,0,54000,903,0,1950,0,0,0,20400,4050,0,0,0,66,30401,139,0
3168200,Tapiraí,Tapiraí,Oeste de Minas,0,0,6,300,1480,270,217,15,0,0,512,0,0,0,0,0,6657,52,35000
3168309,Taquaraçu de Minas,Taquaraçu de Minas,Metropolitana de Belo Horizonte,0,0,2930,0,0,750,6,0,10,0,8,0,0,4,0,0,3250,51,0
3168408,Tarumirim,Tarumirim,Vale do Rio Doce,0,0,122,0,12,2100,25,0,0,66,378,0,0,0,0,0,18911,97,0
3168507,Teixeiras,Teixeiras,Zona da Mata,0,0,217,0,842,960,357,23,0,16,1539,0,0,30,120,0,2748,73,11455
3168606,Teófilo Otoni,Teófilo Otoni,Vale do Mucuri,0,0,1420,0,18,6660,61,514,13,7,156,0,0,42,160,0,42258,133,50000
3168705,Timóteo,Timóteo,Vale do Rio Doce,0,0,80,0,0,0,0,0,0,0,0,0,0,0,0,0,463,6,5200
3168804,Tiradentes,Tiradentes,Campo das Vertentes,0,0,0,0,0,200,8,0,0,0,40,0,0,612,50,0,3000,30,2300
3168903,Tiros,Tiros,Triângulo Mineiro/Alto Paranaíba,0,0,0,1850,4068,510,1820,0,0,0,10820,1221,0,0,0,255,73708,98,0
3169000,Tocantins,Tocantins,Zona da Mata,0,0,510,0,0,900,28,187,96,1258,350,0,0,5328,940,0,6161,375,1000
3169059,Tocos do Moji,Tocos do Moji,Sul/Sudoeste de Minas,0,0,10,1475,587,64,23,0,0,0,653,0,0,0,180,0,3632,32,700
3169109,Toledo,Toledo,Sul/Sudoeste de Minas,0,0,0,1425,0,585,6,0,0,0,2063,222,0,0,0,0,2846,5,80
3169208,Tombos,Tombos,Zona da Mata,0,0,95,0,1121,3700,46,0,0,0,346,0,0,0,0,0,6321,39,2220
3169307,Três Corações,Três Corações,Sul/Sudoeste de Minas,0,0,0,17900,14700,480,900,4510,20,0,59400,26585,0,5970,300,12100,50400,46,3150
3169356,Três Marias,Três Marias,Central Mineira,0,0,100,0,0,21700,783,20,26,40,4758,3795,0,0,0,0,1936,61,110100
3169406,Três Pontas,Três Pontas,Sul/Sudoeste de Minas,0,0,168,0,26950,235,50,5,0,0,6632,10184,518,60,40,2044,5600,104,19300
3169505,Tumiritinga,Tumiritinga,Vale do Rio Doce,0,0,28,0,0,420,9,0,0,0,475,0,0,0,0,0,10550,37,0
3169604,Tupaciguara,Tupaciguara,Triângulo Mineiro/Alto Paranaíba,0,0,45,0,487,2073755,4860,0,0,0,51600,117508,15540,0,0,3400,32415,346,0
3169703,Turmalina,Turmalina,Jequitinhonha,0,0,108,0,347,3660,109,125,0,0,160,0,0,7,820,0,1417,197,25900
3169802,Turvolândia,Turvolândia,Sul/Sudoeste de Minas,0,0,0,1080,4320,4000,360,140,105,0,8850,2112,0,510,26000,0,11200,41,180
3169901,Ubá,Ubá,Zona da Mata,0,0,180,0,0,700,90,21,15,180,140,0,0,324,240,0,8628,17,300
3170008,Ubaí,Ubaí,Norte de Minas,0,0,0,0,0,12600,66,13,0,0,390,0,8,0,0,0,3681,56,0
3170057,Ubaporanga,Ubaporanga,Vale do Rio Doce,0,0,850,0,4048,1120,243,300,90,0,326,0,0,75,2800,0,1163,37,1260
3170107,Uberaba,Uberaba,Triângulo Mineiro/Alto Paranaíba,0,0,360,52500,855,6768000,2040,10481,400,50,345000,309600,112500,340,1720,9060,45160,1603,53050
3170206,Uberlândia,Uberlândia,Triângulo Mineiro/Alto Paranaíba,0,0,21080,2900,410,716256,426,124200,210,197,169800,176000,9100,72,2160,1780,71500,10393,32400
3170305,Umburatiba,Umburatiba,Vale do Mucuri,0,0,0,0,0,0,0,0,0,0,0,0,0,0,0,0,2989,5,0
3170404,Unaí,Unaí,Noroeste de Minas,0,15631,2905,0,11232,2120415,68400,0,0,0,348000,500250,32000,0,1000,1350,91301,1099,0
3170438,União de Minas,União de Minas,Triângulo Mineiro/Alto Paranaíba,0,0,600,0,0,1049002,0,0,0,0,3960,630,0,0,0,0,22100,50,0
3170479,Uruana de Minas,Uruana de Minas,Noroeste de Minas,0,0,14,0,0,9600,423,0,0,0,12045,5985,2400,0,0,0,1800,146,0
3170503,Urucânia,Urucânia,Zona da Mata,0,0,281,0,0,155000,12,0,0,0,155,0,0,0,0,0,1158,48,1000
3170529,Urucuia,Urucuia,Norte de Minas,0,0,36,0,2023,19500,2015,0,0,0,4966,1217,0,0,0,0,6182,105,10500
3170578,Vargem Alegre,Vargem Alegre,Vale do Rio Doce,0,0,16,0,20,180,8,0,5,26,155,0,0,0,0,0,3245,28,10500
3170602,Vargem Bonita,Vargem Bonita,Oeste de Minas,0,0,0,0,1210,60,2,0,0,0,3138,1500,0,0,0,0,7620,28,201
3170651,Vargem Grande do Rio Pardo,Vargem Grande do Rio Pardo,Norte de Minas,0,0,24,0,47,2250,80,0,0,2286,62,0,0,8,0,0,185,28,0
3170701,Varginha,Varginha,Sul/Sudoeste de Minas,0,0,27,0,15740,186,116,0,0,0,2400,420,0,0,0,0,6604,53,2700
3170750,Varjão de Minas,Varjão de Minas,Noroeste de Minas,0,0,2600,0,3922,232380,5074,0,0,0,39750,13680,1716,16,11000,1585,8060,60,130
3170800,Várzea da Palma,Várzea da Palma,Norte de Minas,0,1740,2001,0,2178,3600,279,12400,0,0,1074,4106,0,6790,50,0,4131,99,960
3170909,Varzelândia,Varzelândia,Norte de Minas,0,0,60,0,0,6000,117,0,0,0,245,0,0,0,0,0,1522,83,750
3171006,Vazante,Vazante,Noroeste de Minas,0,0,0,0,0,190,2286,0,0,0,25200,39780,960,0,0,0,51700,255,1750
3171030,Verdelândia,Verdelândia,Norte de Minas,0,0,28000,0,0,0,109,75,360,1610,609,0,17,0,0,0,4325,90,0
3171071,Veredinha,Veredinha,Jequitinhonha,0,0,18,0,19,2430,59,55,0,0,152,0,0,0,23,0,734,98,45200
3171105,Veríssimo,Veríssimo,Triângulo Mineiro/Alto Paranaíba,0,0,180,0,0,1147500,20,0,15,150,5600,14000,4200,0,0,0,13850,240,0
3171154,Vermelho Novo,Vermelho Novo,Zona da Mata,0,0,60,0,2150,1260,45,0,0,0,550,0,0,0,230,0,1691,31,0
3171204,Vespasiano,Vespasiano,Metropolitana de Belo Horizonte,0,0,0,0,0,0,2,0,0,0,0,0,0,0,0,0,529,8,0
3171303,Viçosa,Viçosa,Zona da Mata,0,0,220,0,1280,3660,266,33,23,0,1462,2,0,28,280,0,5252,1018,21130
3171402,Vieiras,Vieiras,Zona da Mata,0,0,210,0,870,960,20,0,0,0,320,0,0,0,0,0,4810,22,0
3171501,Mathias Lobato,Mathias Lobato,Vale do Rio Doce,0,0,0,0,0,0,2,0,0,0,62,0,0,0,0,0,2964,9,0
3171600,Virgem da Lapa,Virgem da Lapa,Jequitinhonha,0,0,6,0,0,1200,36,0,0,32,258,0,0,0,0,0,1010,103,2590
3171709,Virgínia,Virgínia,Sul/Sudoeste de Minas,0,0,60,3600,91,0,176,0,0,0,2040,0,0,0,0,0,14425,81,8500
3171808,Virginópolis,Virginópolis,Vale do Rio Doce,0,0,176,0,107,6560,74,0,0,0,584,0,0,0,490,0,11847,56,31070
3171907,Virgolândia,Virgolândia,Vale do Rio Doce,0,0,180,0,39,1100,58,14,0,0,180,0,0,0,0,0,5740,62,1900
3172004,Visconde do Rio Branco,Visconde do Rio Branco,Zona da Mata,0,0,300,0,7,17560,38,1725,18,840,252,0,0,10,0,0,4299,56,0
3172103,Volta Grande,Volta Grande,Zona da Mata,0,0,180,0,0,96,6,50,0,0,100,0,0,0,0,0,7221,9,520
3172202,Wenceslau Braz,Wenceslau Braz,Sul/Sudoeste de Minas,0,0,0,0,0,360,8,7,0,0,30,0,0,0,0,0,4997,12,0
